,SNAP_TIME,SERVICE_NAME,STAT_NAME,VALUE,DELTAT_SEC,RATE_VALUE
0,20200928000044,CONFOP0,parse count (total),623724,,
1,20200928010016,CONFOP0,parse count (total),624333,3627.158,0.17
2,20200928020043,CONFOP0,parse count (total),624876,3565.479,0.15
3,20200928030009,CONFOP0,parse count (total),625412,3629.821,0.15
4,20200928040038,CONFOP0,parse count (total),625948,3569.797,0.15
5,20200928050008,CONFOP0,parse count (total),626487,3631.172,0.15
6,20200928060039,CONFOP0,parse count (total),627009,3566.174,0.15
7,20200928070006,CONFOP0,parse count (total),627845,3633.774,0.23
8,20200928080039,CONFOP0,parse count (total),628381,3563.093,0.15
9,20200928090002,CONFOP0,parse count (total),628917,3621.073,0.15
10,20200928100024,CONFOP0,parse count (total),629453,3621.707,0.15
11,20200928110045,CONFOP0,parse count (total),630271,3563.093,0.23
12,20200928120008,CONFOP0,parse count (total),630814,3621.546,0.15
13,20200928130030,CONFOP0,parse count (total),631350,3631.056,0.15
14,20200928140101,CONFOP0,parse count (total),631886,3573.355,0.15
15,20200928150034,CONFOP0,parse count (total),632424,3572.421,0.15
16,20200928000044,SYS$BACKGROUND,parse count (total),1681050,,
17,20200928010016,SYS$BACKGROUND,parse count (total),1682374,3627.158,0.37
18,20200928020043,SYS$BACKGROUND,parse count (total),1683666,3565.479,0.36
19,20200928030009,SYS$BACKGROUND,parse count (total),1684973,3629.821,0.36
20,20200928040038,SYS$BACKGROUND,parse count (total),1686141,3569.797,0.33
21,20200928050008,SYS$BACKGROUND,parse count (total),1687396,3631.172,0.35
22,20200928060039,SYS$BACKGROUND,parse count (total),1688560,3566.174,0.33
23,20200928070006,SYS$BACKGROUND,parse count (total),1690149,3633.774,0.44
24,20200928080039,SYS$BACKGROUND,parse count (total),1691422,3563.093,0.36
25,20200928090002,SYS$BACKGROUND,parse count (total),1692602,3621.073,0.33
26,20200928100024,SYS$BACKGROUND,parse count (total),1693864,3621.707,0.35
27,20200928110045,SYS$BACKGROUND,parse count (total),1695358,3563.093,0.42
28,20200928120008,SYS$BACKGROUND,parse count (total),1696687,3621.546,0.37
29,20200928130030,SYS$BACKGROUND,parse count (total),1697984,3631.056,0.36
30,20200928140101,SYS$BACKGROUND,parse count (total),1699153,3573.355,0.33
31,20200928150034,SYS$BACKGROUND,parse count (total),1700402,3572.421,0.35
32,20200928000044,SYS$USERS,parse count (total),9222554,,
33,20200928010016,SYS$USERS,parse count (total),9235749,3627.158,3.64
34,20200928020043,SYS$USERS,parse count (total),9239202,3565.479,0.97
35,20200928030009,SYS$USERS,parse count (total),9242292,3629.821,0.85
36,20200928040038,SYS$USERS,parse count (total),9244362,3569.797,0.58
37,20200928050008,SYS$USERS,parse count (total),9249614,3631.172,1.45
38,20200928060039,SYS$USERS,parse count (total),9252529,3566.174,0.82
39,20200928070006,SYS$USERS,parse count (total),9256873,3633.774,1.2
40,20200928080039,SYS$USERS,parse count (total),9261766,3563.093,1.37
41,20200928090002,SYS$USERS,parse count (total),9265365,3621.073,0.99
42,20200928100024,SYS$USERS,parse count (total),9269194,3621.707,1.06
43,20200928110045,SYS$USERS,parse count (total),9273012,3563.093,1.07
44,20200928120008,SYS$USERS,parse count (total),9277178,3621.546,1.15
45,20200928130030,SYS$USERS,parse count (total),9279350,3631.056,0.6
46,20200928140101,SYS$USERS,parse count (total),9283189,3573.355,1.07
47,20200928150034,SYS$USERS,parse count (total),9285784,3572.421,0.73
48,20200928000044,CONFOP0,opened cursors cumulative,1397153,,
49,20200928010016,CONFOP0,opened cursors cumulative,1398529,3627.158,0.38
50,20200928020043,CONFOP0,opened cursors cumulative,1399716,3565.479,0.33
51,20200928030009,CONFOP0,opened cursors cumulative,1400914,3629.821,0.33
52,20200928040038,CONFOP0,opened cursors cumulative,1402112,3569.797,0.34
53,20200928050008,CONFOP0,opened cursors cumulative,1403314,3631.172,0.33
54,20200928060039,CONFOP0,opened cursors cumulative,1404494,3566.174,0.33
55,20200928070006,CONFOP0,opened cursors cumulative,1406230,3633.774,0.48
56,20200928080039,CONFOP0,opened cursors cumulative,1407428,3563.093,0.34
57,20200928090002,CONFOP0,opened cursors cumulative,1408626,3621.073,0.33
58,20200928100024,CONFOP0,opened cursors cumulative,1409824,3621.707,0.33
59,20200928110045,CONFOP0,opened cursors cumulative,1412138,3563.093,0.65
60,20200928120008,CONFOP0,opened cursors cumulative,1413343,3621.546,0.33
61,20200928130030,CONFOP0,opened cursors cumulative,1414541,3631.056,0.33
62,20200928140101,CONFOP0,opened cursors cumulative,1415739,3573.355,0.34
63,20200928150034,CONFOP0,opened cursors cumulative,1416939,3572.421,0.34
64,20200928000044,SYS$BACKGROUND,opened cursors cumulative,103338097,,
65,20200928010016,SYS$BACKGROUND,opened cursors cumulative,103488556,3627.158,41.48
66,20200928020043,SYS$BACKGROUND,opened cursors cumulative,103630785,3565.479,39.89
67,20200928030009,SYS$BACKGROUND,opened cursors cumulative,103771508,3629.821,38.77
68,20200928040038,SYS$BACKGROUND,opened cursors cumulative,103910735,3569.797,39.0
69,20200928050008,SYS$BACKGROUND,opened cursors cumulative,104058070,3631.172,40.58
70,20200928060039,SYS$BACKGROUND,opened cursors cumulative,104198176,3566.174,39.29
71,20200928070006,SYS$BACKGROUND,opened cursors cumulative,104344609,3633.774,40.3
72,20200928080039,SYS$BACKGROUND,opened cursors cumulative,104482985,3563.093,38.84
73,20200928090002,SYS$BACKGROUND,opened cursors cumulative,104625847,3621.073,39.45
74,20200928100024,SYS$BACKGROUND,opened cursors cumulative,104771460,3621.707,40.21
75,20200928110045,SYS$BACKGROUND,opened cursors cumulative,104914801,3563.093,40.23
76,20200928120008,SYS$BACKGROUND,opened cursors cumulative,105060986,3621.546,40.37
77,20200928130030,SYS$BACKGROUND,opened cursors cumulative,105204146,3631.056,39.43
78,20200928140101,SYS$BACKGROUND,opened cursors cumulative,105343185,3573.355,38.91
79,20200928150034,SYS$BACKGROUND,opened cursors cumulative,105482227,3572.421,38.92
80,20200928000044,SYS$USERS,opened cursors cumulative,86696783,,
81,20200928010016,SYS$USERS,opened cursors cumulative,86795678,3627.158,27.27
82,20200928020043,SYS$USERS,opened cursors cumulative,86820384,3565.479,6.93
83,20200928030009,SYS$USERS,opened cursors cumulative,86846430,3629.821,7.18
84,20200928040038,SYS$USERS,opened cursors cumulative,86867713,3569.797,5.96
85,20200928050008,SYS$USERS,opened cursors cumulative,86903588,3631.172,9.88
86,20200928060039,SYS$USERS,opened cursors cumulative,86928636,3566.174,7.02
87,20200928070006,SYS$USERS,opened cursors cumulative,86955062,3633.774,7.27
88,20200928080039,SYS$USERS,opened cursors cumulative,86989719,3563.093,9.73
89,20200928090002,SYS$USERS,opened cursors cumulative,87022667,3621.073,9.1
90,20200928100024,SYS$USERS,opened cursors cumulative,87054753,3621.707,8.86
91,20200928110045,SYS$USERS,opened cursors cumulative,87084877,3563.093,8.45
92,20200928120008,SYS$USERS,opened cursors cumulative,87117586,3621.546,9.03
93,20200928130030,SYS$USERS,opened cursors cumulative,87138852,3631.056,5.86
94,20200928140101,SYS$USERS,opened cursors cumulative,87170850,3573.355,8.95
95,20200928150034,SYS$USERS,opened cursors cumulative,87200885,3572.421,8.41
96,20200928000044,CONFOP0,gc current blocks received,0,,
97,20200928010016,CONFOP0,gc current blocks received,0,3627.158,0.0
98,20200928020043,CONFOP0,gc current blocks received,0,3565.479,0.0
99,20200928030009,CONFOP0,gc current blocks received,0,3629.821,0.0
100,20200928040038,CONFOP0,gc current blocks received,0,3569.797,0.0
101,20200928050008,CONFOP0,gc current blocks received,0,3631.172,0.0
102,20200928060039,CONFOP0,gc current blocks received,0,3566.174,0.0
103,20200928070006,CONFOP0,gc current blocks received,0,3633.774,0.0
104,20200928080039,CONFOP0,gc current blocks received,0,3563.093,0.0
105,20200928090002,CONFOP0,gc current blocks received,0,3621.073,0.0
106,20200928100024,CONFOP0,gc current blocks received,0,3621.707,0.0
107,20200928110045,CONFOP0,gc current blocks received,0,3563.093,0.0
108,20200928120008,CONFOP0,gc current blocks received,0,3621.546,0.0
109,20200928130030,CONFOP0,gc current blocks received,0,3631.056,0.0
110,20200928140101,CONFOP0,gc current blocks received,0,3573.355,0.0
111,20200928150034,CONFOP0,gc current blocks received,0,3572.421,0.0
112,20200928000044,SYS$BACKGROUND,gc current blocks received,0,,
113,20200928010016,SYS$BACKGROUND,gc current blocks received,0,3627.158,0.0
114,20200928020043,SYS$BACKGROUND,gc current blocks received,0,3565.479,0.0
115,20200928030009,SYS$BACKGROUND,gc current blocks received,0,3629.821,0.0
116,20200928040038,SYS$BACKGROUND,gc current blocks received,0,3569.797,0.0
117,20200928050008,SYS$BACKGROUND,gc current blocks received,0,3631.172,0.0
118,20200928060039,SYS$BACKGROUND,gc current blocks received,0,3566.174,0.0
119,20200928070006,SYS$BACKGROUND,gc current blocks received,0,3633.774,0.0
120,20200928080039,SYS$BACKGROUND,gc current blocks received,0,3563.093,0.0
121,20200928090002,SYS$BACKGROUND,gc current blocks received,0,3621.073,0.0
122,20200928100024,SYS$BACKGROUND,gc current blocks received,0,3621.707,0.0
123,20200928110045,SYS$BACKGROUND,gc current blocks received,0,3563.093,0.0
124,20200928120008,SYS$BACKGROUND,gc current blocks received,0,3621.546,0.0
125,20200928130030,SYS$BACKGROUND,gc current blocks received,0,3631.056,0.0
126,20200928140101,SYS$BACKGROUND,gc current blocks received,0,3573.355,0.0
127,20200928150034,SYS$BACKGROUND,gc current blocks received,0,3572.421,0.0
128,20200928000044,SYS$USERS,gc current blocks received,0,,
129,20200928010016,SYS$USERS,gc current blocks received,0,3627.158,0.0
130,20200928020043,SYS$USERS,gc current blocks received,0,3565.479,0.0
131,20200928030009,SYS$USERS,gc current blocks received,0,3629.821,0.0
132,20200928040038,SYS$USERS,gc current blocks received,0,3569.797,0.0
133,20200928050008,SYS$USERS,gc current blocks received,0,3631.172,0.0
134,20200928060039,SYS$USERS,gc current blocks received,0,3566.174,0.0
135,20200928070006,SYS$USERS,gc current blocks received,0,3633.774,0.0
136,20200928080039,SYS$USERS,gc current blocks received,0,3563.093,0.0
137,20200928090002,SYS$USERS,gc current blocks received,0,3621.073,0.0
138,20200928100024,SYS$USERS,gc current blocks received,0,3621.707,0.0
139,20200928110045,SYS$USERS,gc current blocks received,0,3563.093,0.0
140,20200928120008,SYS$USERS,gc current blocks received,0,3621.546,0.0
141,20200928130030,SYS$USERS,gc current blocks received,0,3631.056,0.0
142,20200928140101,SYS$USERS,gc current blocks received,0,3573.355,0.0
143,20200928150034,SYS$USERS,gc current blocks received,0,3572.421,0.0
144,20200928000044,CONFOP0,user commits,0,,
145,20200928010016,CONFOP0,user commits,0,3627.158,0.0
146,20200928020043,CONFOP0,user commits,0,3565.479,0.0
147,20200928030009,CONFOP0,user commits,0,3629.821,0.0
148,20200928040038,CONFOP0,user commits,0,3569.797,0.0
149,20200928050008,CONFOP0,user commits,0,3631.172,0.0
150,20200928060039,CONFOP0,user commits,0,3566.174,0.0
151,20200928070006,CONFOP0,user commits,0,3633.774,0.0
152,20200928080039,CONFOP0,user commits,0,3563.093,0.0
153,20200928090002,CONFOP0,user commits,0,3621.073,0.0
154,20200928100024,CONFOP0,user commits,0,3621.707,0.0
155,20200928110045,CONFOP0,user commits,0,3563.093,0.0
156,20200928120008,CONFOP0,user commits,0,3621.546,0.0
157,20200928130030,CONFOP0,user commits,0,3631.056,0.0
158,20200928140101,CONFOP0,user commits,0,3573.355,0.0
159,20200928150034,CONFOP0,user commits,0,3572.421,0.0
160,20200928000044,SYS$BACKGROUND,user commits,139531,,
161,20200928010016,SYS$BACKGROUND,user commits,139575,3627.158,0.01
162,20200928020043,SYS$BACKGROUND,user commits,139609,3565.479,0.01
163,20200928030009,SYS$BACKGROUND,user commits,139641,3629.821,0.01
164,20200928040038,SYS$BACKGROUND,user commits,139675,3569.797,0.01
165,20200928050008,SYS$BACKGROUND,user commits,139725,3631.172,0.01
166,20200928060039,SYS$BACKGROUND,user commits,139782,3566.174,0.02
167,20200928070006,SYS$BACKGROUND,user commits,139822,3633.774,0.01
168,20200928080039,SYS$BACKGROUND,user commits,139861,3563.093,0.01
169,20200928090002,SYS$BACKGROUND,user commits,139899,3621.073,0.01
170,20200928100024,SYS$BACKGROUND,user commits,139943,3621.707,0.01
171,20200928110045,SYS$BACKGROUND,user commits,139981,3563.093,0.01
172,20200928120008,SYS$BACKGROUND,user commits,140024,3621.546,0.01
173,20200928130030,SYS$BACKGROUND,user commits,140062,3631.056,0.01
174,20200928140101,SYS$BACKGROUND,user commits,140109,3573.355,0.01
175,20200928150034,SYS$BACKGROUND,user commits,140144,3572.421,0.01
176,20200928000044,SYS$USERS,user commits,289727,,
177,20200928010016,SYS$USERS,user commits,290138,3627.158,0.11
178,20200928020043,SYS$USERS,user commits,290140,3565.479,0.0
179,20200928030009,SYS$USERS,user commits,290143,3629.821,0.0
180,20200928040038,SYS$USERS,user commits,290143,3569.797,0.0
181,20200928050008,SYS$USERS,user commits,290208,3631.172,0.02
182,20200928060039,SYS$USERS,user commits,290211,3566.174,0.0
183,20200928070006,SYS$USERS,user commits,290214,3633.774,0.0
184,20200928080039,SYS$USERS,user commits,290276,3563.093,0.02
185,20200928090002,SYS$USERS,user commits,290341,3621.073,0.02
186,20200928100024,SYS$USERS,user commits,290406,3621.707,0.02
187,20200928110045,SYS$USERS,user commits,290468,3563.093,0.02
188,20200928120008,SYS$USERS,user commits,290533,3621.546,0.02
189,20200928130030,SYS$USERS,user commits,290533,3631.056,0.0
190,20200928140101,SYS$USERS,user commits,290598,3573.355,0.02
191,20200928150034,SYS$USERS,user commits,290660,3572.421,0.02
192,20200928000044,CONFOP0,workarea executions - onepass,0,,
193,20200928010016,CONFOP0,workarea executions - onepass,0,3627.158,0.0
194,20200928020043,CONFOP0,workarea executions - onepass,0,3565.479,0.0
195,20200928030009,CONFOP0,workarea executions - onepass,0,3629.821,0.0
196,20200928040038,CONFOP0,workarea executions - onepass,0,3569.797,0.0
197,20200928050008,CONFOP0,workarea executions - onepass,0,3631.172,0.0
198,20200928060039,CONFOP0,workarea executions - onepass,0,3566.174,0.0
199,20200928070006,CONFOP0,workarea executions - onepass,0,3633.774,0.0
200,20200928080039,CONFOP0,workarea executions - onepass,0,3563.093,0.0
201,20200928090002,CONFOP0,workarea executions - onepass,0,3621.073,0.0
202,20200928100024,CONFOP0,workarea executions - onepass,0,3621.707,0.0
203,20200928110045,CONFOP0,workarea executions - onepass,0,3563.093,0.0
204,20200928120008,CONFOP0,workarea executions - onepass,0,3621.546,0.0
205,20200928130030,CONFOP0,workarea executions - onepass,0,3631.056,0.0
206,20200928140101,CONFOP0,workarea executions - onepass,0,3573.355,0.0
207,20200928150034,CONFOP0,workarea executions - onepass,0,3572.421,0.0
208,20200928000044,SYS$BACKGROUND,workarea executions - onepass,0,,
209,20200928010016,SYS$BACKGROUND,workarea executions - onepass,0,3627.158,0.0
210,20200928020043,SYS$BACKGROUND,workarea executions - onepass,0,3565.479,0.0
211,20200928030009,SYS$BACKGROUND,workarea executions - onepass,0,3629.821,0.0
212,20200928040038,SYS$BACKGROUND,workarea executions - onepass,0,3569.797,0.0
213,20200928050008,SYS$BACKGROUND,workarea executions - onepass,0,3631.172,0.0
214,20200928060039,SYS$BACKGROUND,workarea executions - onepass,0,3566.174,0.0
215,20200928070006,SYS$BACKGROUND,workarea executions - onepass,0,3633.774,0.0
216,20200928080039,SYS$BACKGROUND,workarea executions - onepass,0,3563.093,0.0
217,20200928090002,SYS$BACKGROUND,workarea executions - onepass,0,3621.073,0.0
218,20200928100024,SYS$BACKGROUND,workarea executions - onepass,0,3621.707,0.0
219,20200928110045,SYS$BACKGROUND,workarea executions - onepass,0,3563.093,0.0
220,20200928120008,SYS$BACKGROUND,workarea executions - onepass,0,3621.546,0.0
221,20200928130030,SYS$BACKGROUND,workarea executions - onepass,0,3631.056,0.0
222,20200928140101,SYS$BACKGROUND,workarea executions - onepass,0,3573.355,0.0
223,20200928150034,SYS$BACKGROUND,workarea executions - onepass,0,3572.421,0.0
224,20200928000044,SYS$USERS,workarea executions - onepass,0,,
225,20200928010016,SYS$USERS,workarea executions - onepass,0,3627.158,0.0
226,20200928020043,SYS$USERS,workarea executions - onepass,0,3565.479,0.0
227,20200928030009,SYS$USERS,workarea executions - onepass,0,3629.821,0.0
228,20200928040038,SYS$USERS,workarea executions - onepass,0,3569.797,0.0
229,20200928050008,SYS$USERS,workarea executions - onepass,0,3631.172,0.0
230,20200928060039,SYS$USERS,workarea executions - onepass,0,3566.174,0.0
231,20200928070006,SYS$USERS,workarea executions - onepass,0,3633.774,0.0
232,20200928080039,SYS$USERS,workarea executions - onepass,0,3563.093,0.0
233,20200928090002,SYS$USERS,workarea executions - onepass,0,3621.073,0.0
234,20200928100024,SYS$USERS,workarea executions - onepass,0,3621.707,0.0
235,20200928110045,SYS$USERS,workarea executions - onepass,0,3563.093,0.0
236,20200928120008,SYS$USERS,workarea executions - onepass,0,3621.546,0.0
237,20200928130030,SYS$USERS,workarea executions - onepass,0,3631.056,0.0
238,20200928140101,SYS$USERS,workarea executions - onepass,0,3573.355,0.0
239,20200928150034,SYS$USERS,workarea executions - onepass,0,3572.421,0.0
240,20200928000044,CONFOP0,db block changes,252666,,
241,20200928010016,CONFOP0,db block changes,252926,3627.158,0.07
242,20200928020043,CONFOP0,db block changes,253176,3565.479,0.07
243,20200928030009,CONFOP0,db block changes,253424,3629.821,0.07
244,20200928040038,CONFOP0,db block changes,253672,3569.797,0.07
245,20200928050008,CONFOP0,db block changes,253920,3631.172,0.07
246,20200928060039,CONFOP0,db block changes,254160,3566.174,0.07
247,20200928070006,CONFOP0,db block changes,254412,3633.774,0.07
248,20200928080039,CONFOP0,db block changes,254660,3563.093,0.07
249,20200928090002,CONFOP0,db block changes,254908,3621.073,0.07
250,20200928100024,CONFOP0,db block changes,255156,3621.707,0.07
251,20200928110045,CONFOP0,db block changes,255404,3563.093,0.07
252,20200928120008,CONFOP0,db block changes,255658,3621.546,0.07
253,20200928130030,CONFOP0,db block changes,255906,3631.056,0.07
254,20200928140101,CONFOP0,db block changes,256154,3573.355,0.07
255,20200928150034,CONFOP0,db block changes,256402,3572.421,0.07
256,20200928000044,SYS$BACKGROUND,db block changes,73779929,,
257,20200928010016,SYS$BACKGROUND,db block changes,73826106,3627.158,12.73
258,20200928020043,SYS$BACKGROUND,db block changes,73869664,3565.479,12.22
259,20200928030009,SYS$BACKGROUND,db block changes,73912016,3629.821,11.67
260,20200928040038,SYS$BACKGROUND,db block changes,73954827,3569.797,11.99
261,20200928050008,SYS$BACKGROUND,db block changes,74357984,3631.172,111.03
262,20200928060039,SYS$BACKGROUND,db block changes,74411213,3566.174,14.93
263,20200928070006,SYS$BACKGROUND,db block changes,74463172,3633.774,14.3
264,20200928080039,SYS$BACKGROUND,db block changes,74508451,3563.093,12.71
265,20200928090002,SYS$BACKGROUND,db block changes,74553423,3621.073,12.42
266,20200928100024,SYS$BACKGROUND,db block changes,74601542,3621.707,13.29
267,20200928110045,SYS$BACKGROUND,db block changes,74657205,3563.093,15.62
268,20200928120008,SYS$BACKGROUND,db block changes,74701069,3621.546,12.11
269,20200928130030,SYS$BACKGROUND,db block changes,74738783,3631.056,10.39
270,20200928140101,SYS$BACKGROUND,db block changes,74779300,3573.355,11.34
271,20200928150034,SYS$BACKGROUND,db block changes,74818166,3572.421,10.88
272,20200928000044,SYS$USERS,db block changes,64016122,,
273,20200928010016,SYS$USERS,db block changes,64147655,3627.158,36.26
274,20200928020043,SYS$USERS,db block changes,64148070,3565.479,0.12
275,20200928030009,SYS$USERS,db block changes,64152871,3629.821,1.32
276,20200928040038,SYS$USERS,db block changes,64153013,3569.797,0.04
277,20200928050008,SYS$USERS,db block changes,64158295,3631.172,1.45
278,20200928060039,SYS$USERS,db block changes,64412327,3566.174,71.23
279,20200928070006,SYS$USERS,db block changes,64416969,3633.774,1.28
280,20200928080039,SYS$USERS,db block changes,64417819,3563.093,0.24
281,20200928090002,SYS$USERS,db block changes,64422858,3621.073,1.39
282,20200928100024,SYS$USERS,db block changes,64427806,3621.707,1.37
283,20200928110045,SYS$USERS,db block changes,64428696,3563.093,0.25
284,20200928120008,SYS$USERS,db block changes,64433569,3621.546,1.35
285,20200928130030,SYS$USERS,db block changes,64433758,3631.056,0.05
286,20200928140101,SYS$USERS,db block changes,64438728,3573.355,1.39
287,20200928150034,SYS$USERS,db block changes,64439626,3572.421,0.25
288,20200928000044,CONFOP0,application wait time,100868,,
289,20200928010016,CONFOP0,application wait time,100868,3627.158,0.0
290,20200928020043,CONFOP0,application wait time,100868,3565.479,0.0
291,20200928030009,CONFOP0,application wait time,100868,3629.821,0.0
292,20200928040038,CONFOP0,application wait time,100868,3569.797,0.0
293,20200928050008,CONFOP0,application wait time,100868,3631.172,0.0
294,20200928060039,CONFOP0,application wait time,100868,3566.174,0.0
295,20200928070006,CONFOP0,application wait time,100868,3633.774,0.0
296,20200928080039,CONFOP0,application wait time,100868,3563.093,0.0
297,20200928090002,CONFOP0,application wait time,100868,3621.073,0.0
298,20200928100024,CONFOP0,application wait time,100868,3621.707,0.0
299,20200928110045,CONFOP0,application wait time,100868,3563.093,0.0
300,20200928120008,CONFOP0,application wait time,100868,3621.546,0.0
301,20200928130030,CONFOP0,application wait time,100868,3631.056,0.0
302,20200928140101,CONFOP0,application wait time,100868,3573.355,0.0
303,20200928150034,CONFOP0,application wait time,100868,3572.421,0.0
304,20200928000044,SYS$BACKGROUND,application wait time,4109366,,
305,20200928010016,SYS$BACKGROUND,application wait time,4109366,3627.158,0.0
306,20200928020043,SYS$BACKGROUND,application wait time,4109366,3565.479,0.0
307,20200928030009,SYS$BACKGROUND,application wait time,4109366,3629.821,0.0
308,20200928040038,SYS$BACKGROUND,application wait time,4109366,3569.797,0.0
309,20200928050008,SYS$BACKGROUND,application wait time,4109366,3631.172,0.0
310,20200928060039,SYS$BACKGROUND,application wait time,4109366,3566.174,0.0
311,20200928070006,SYS$BACKGROUND,application wait time,4109366,3633.774,0.0
312,20200928080039,SYS$BACKGROUND,application wait time,4109366,3563.093,0.0
313,20200928090002,SYS$BACKGROUND,application wait time,4109366,3621.073,0.0
314,20200928100024,SYS$BACKGROUND,application wait time,4109366,3621.707,0.0
315,20200928110045,SYS$BACKGROUND,application wait time,4109366,3563.093,0.0
316,20200928120008,SYS$BACKGROUND,application wait time,4109366,3621.546,0.0
317,20200928130030,SYS$BACKGROUND,application wait time,4109366,3631.056,0.0
318,20200928140101,SYS$BACKGROUND,application wait time,4109366,3573.355,0.0
319,20200928150034,SYS$BACKGROUND,application wait time,4109366,3572.421,0.0
320,20200928000044,SYS$USERS,application wait time,56182382,,
321,20200928010016,SYS$USERS,application wait time,56260777,3627.158,21.61
322,20200928020043,SYS$USERS,application wait time,56263042,3565.479,0.64
323,20200928030009,SYS$USERS,application wait time,56264566,3629.821,0.42
324,20200928040038,SYS$USERS,application wait time,56290151,3569.797,7.17
325,20200928050008,SYS$USERS,application wait time,56333928,3631.172,12.06
326,20200928060039,SYS$USERS,application wait time,56359561,3566.174,7.19
327,20200928070006,SYS$USERS,application wait time,56374973,3633.774,4.24
328,20200928080039,SYS$USERS,application wait time,56386579,3563.093,3.26
329,20200928090002,SYS$USERS,application wait time,56395412,3621.073,2.44
330,20200928100024,SYS$USERS,application wait time,56402637,3621.707,1.99
331,20200928110045,SYS$USERS,application wait time,56409895,3563.093,2.04
332,20200928120008,SYS$USERS,application wait time,56419137,3621.546,2.55
333,20200928130030,SYS$USERS,application wait time,56421948,3631.056,0.77
334,20200928140101,SYS$USERS,application wait time,56431996,3573.355,2.81
335,20200928150034,SYS$USERS,application wait time,56440461,3572.421,2.37
336,20200928000044,CONFOP0,physical writes,0,,
337,20200928010016,CONFOP0,physical writes,0,3627.158,0.0
338,20200928020043,CONFOP0,physical writes,0,3565.479,0.0
339,20200928030009,CONFOP0,physical writes,0,3629.821,0.0
340,20200928040038,CONFOP0,physical writes,0,3569.797,0.0
341,20200928050008,CONFOP0,physical writes,0,3631.172,0.0
342,20200928060039,CONFOP0,physical writes,0,3566.174,0.0
343,20200928070006,CONFOP0,physical writes,0,3633.774,0.0
344,20200928080039,CONFOP0,physical writes,0,3563.093,0.0
345,20200928090002,CONFOP0,physical writes,0,3621.073,0.0
346,20200928100024,CONFOP0,physical writes,0,3621.707,0.0
347,20200928110045,CONFOP0,physical writes,0,3563.093,0.0
348,20200928120008,CONFOP0,physical writes,0,3621.546,0.0
349,20200928130030,CONFOP0,physical writes,0,3631.056,0.0
350,20200928140101,CONFOP0,physical writes,0,3573.355,0.0
351,20200928150034,CONFOP0,physical writes,0,3572.421,0.0
352,20200928000044,SYS$BACKGROUND,physical writes,6055869,,
353,20200928010016,SYS$BACKGROUND,physical writes,6064497,3627.158,2.38
354,20200928020043,SYS$BACKGROUND,physical writes,6066418,3565.479,0.54
355,20200928030009,SYS$BACKGROUND,physical writes,6068945,3629.821,0.7
356,20200928040038,SYS$BACKGROUND,physical writes,6070703,3569.797,0.49
357,20200928050008,SYS$BACKGROUND,physical writes,6078551,3631.172,2.16
358,20200928060039,SYS$BACKGROUND,physical writes,6103484,3566.174,6.99
359,20200928070006,SYS$BACKGROUND,physical writes,6107047,3633.774,0.98
360,20200928080039,SYS$BACKGROUND,physical writes,6108996,3563.093,0.55
361,20200928090002,SYS$BACKGROUND,physical writes,6111595,3621.073,0.72
362,20200928100024,SYS$BACKGROUND,physical writes,6113495,3621.707,0.52
363,20200928110045,SYS$BACKGROUND,physical writes,6116589,3563.093,0.87
364,20200928120008,SYS$BACKGROUND,physical writes,6118708,3621.546,0.59
365,20200928130030,SYS$BACKGROUND,physical writes,6120994,3631.056,0.63
366,20200928140101,SYS$BACKGROUND,physical writes,6122986,3573.355,0.56
367,20200928150034,SYS$BACKGROUND,physical writes,6125490,3572.421,0.7
368,20200928000044,SYS$USERS,physical writes,431619,,
369,20200928010016,SYS$USERS,physical writes,432219,3627.158,0.17
370,20200928020043,SYS$USERS,physical writes,432219,3565.479,0.0
371,20200928030009,SYS$USERS,physical writes,432219,3629.821,0.0
372,20200928040038,SYS$USERS,physical writes,432219,3569.797,0.0
373,20200928050008,SYS$USERS,physical writes,432819,3631.172,0.17
374,20200928060039,SYS$USERS,physical writes,432819,3566.174,0.0
375,20200928070006,SYS$USERS,physical writes,432819,3633.774,0.0
376,20200928080039,SYS$USERS,physical writes,433419,3563.093,0.17
377,20200928090002,SYS$USERS,physical writes,434019,3621.073,0.17
378,20200928100024,SYS$USERS,physical writes,434619,3621.707,0.17
379,20200928110045,SYS$USERS,physical writes,435219,3563.093,0.17
380,20200928120008,SYS$USERS,physical writes,435819,3621.546,0.17
381,20200928130030,SYS$USERS,physical writes,435819,3631.056,0.0
382,20200928140101,SYS$USERS,physical writes,436419,3573.355,0.17
383,20200928150034,SYS$USERS,physical writes,437019,3572.421,0.17
384,20200928000044,CONFOP0,redo size,46499796,,
385,20200928010016,CONFOP0,redo size,46547192,3627.158,13.07
386,20200928020043,CONFOP0,redo size,46592932,3565.479,12.83
387,20200928030009,CONFOP0,redo size,46638632,3629.821,12.59
388,20200928040038,CONFOP0,redo size,46684376,3569.797,12.81
389,20200928050008,CONFOP0,redo size,46730244,3631.172,12.63
390,20200928060039,CONFOP0,redo size,46774356,3566.174,12.37
391,20200928070006,CONFOP0,redo size,46820804,3633.774,12.78
392,20200928080039,CONFOP0,redo size,46866616,3563.093,12.86
393,20200928090002,CONFOP0,redo size,46912340,3621.073,12.63
394,20200928100024,CONFOP0,redo size,46958108,3621.707,12.64
395,20200928110045,CONFOP0,redo size,47004120,3563.093,12.91
396,20200928120008,CONFOP0,redo size,47050684,3621.546,12.86
397,20200928130030,CONFOP0,redo size,47096764,3631.056,12.69
398,20200928140101,CONFOP0,redo size,47142380,3573.355,12.77
399,20200928150034,CONFOP0,redo size,47188212,3572.421,12.83
400,20200928000044,SYS$BACKGROUND,redo size,9082918612,,
401,20200928010016,SYS$BACKGROUND,redo size,9089063864,3627.158,1694.23
402,20200928020043,SYS$BACKGROUND,redo size,9094197400,3565.479,1439.79
403,20200928030009,SYS$BACKGROUND,redo size,9099400128,3629.821,1433.33
404,20200928040038,SYS$BACKGROUND,redo size,9104244148,3569.797,1356.95
405,20200928050008,SYS$BACKGROUND,redo size,9155795616,3631.172,14196.92
406,20200928060039,SYS$BACKGROUND,redo size,9161586836,3566.174,1623.93
407,20200928070006,SYS$BACKGROUND,redo size,9167148364,3633.774,1530.51
408,20200928080039,SYS$BACKGROUND,redo size,9172040672,3563.093,1373.05
409,20200928090002,SYS$BACKGROUND,redo size,9177484828,3621.073,1503.46
410,20200928100024,SYS$BACKGROUND,redo size,9182661700,3621.707,1429.4
411,20200928110045,SYS$BACKGROUND,redo size,9189380296,3563.093,1885.61
412,20200928120008,SYS$BACKGROUND,redo size,9194690752,3621.546,1466.35
413,20200928130030,SYS$BACKGROUND,redo size,9199690724,3631.056,1377.0
414,20200928140101,SYS$BACKGROUND,redo size,9204550972,3573.355,1360.14
415,20200928150034,SYS$BACKGROUND,redo size,9209842236,3572.421,1481.14
416,20200928000044,SYS$USERS,redo size,10483428788,,
417,20200928010016,SYS$USERS,redo size,10502980192,3627.158,5390.28
418,20200928020043,SYS$USERS,redo size,10503042872,3565.479,17.58
419,20200928030009,SYS$USERS,redo size,10505411224,3629.821,652.47
420,20200928040038,SYS$USERS,redo size,10505432748,3569.797,6.03
421,20200928050008,SYS$USERS,redo size,10507781976,3631.172,646.96
422,20200928060039,SYS$USERS,redo size,10545777632,3566.174,10654.46
423,20200928070006,SYS$USERS,redo size,10548009908,3633.774,614.31
424,20200928080039,SYS$USERS,redo size,10548156680,3563.093,41.19
425,20200928090002,SYS$USERS,redo size,10550467636,3621.073,638.2
426,20200928100024,SYS$USERS,redo size,10552743780,3621.707,628.47
427,20200928110045,SYS$USERS,redo size,10552898852,3563.093,43.52
428,20200928120008,SYS$USERS,redo size,10555114328,3621.546,611.75
429,20200928130030,SYS$USERS,redo size,10555143008,3631.056,7.9
430,20200928140101,SYS$USERS,redo size,10557433328,3573.355,640.94
431,20200928150034,SYS$USERS,redo size,10557593300,3572.421,44.78
432,20200928000044,CONFOP0,gc current block receive time,0,,
433,20200928010016,CONFOP0,gc current block receive time,0,3627.158,0.0
434,20200928020043,CONFOP0,gc current block receive time,0,3565.479,0.0
435,20200928030009,CONFOP0,gc current block receive time,0,3629.821,0.0
436,20200928040038,CONFOP0,gc current block receive time,0,3569.797,0.0
437,20200928050008,CONFOP0,gc current block receive time,0,3631.172,0.0
438,20200928060039,CONFOP0,gc current block receive time,0,3566.174,0.0
439,20200928070006,CONFOP0,gc current block receive time,0,3633.774,0.0
440,20200928080039,CONFOP0,gc current block receive time,0,3563.093,0.0
441,20200928090002,CONFOP0,gc current block receive time,0,3621.073,0.0
442,20200928100024,CONFOP0,gc current block receive time,0,3621.707,0.0
443,20200928110045,CONFOP0,gc current block receive time,0,3563.093,0.0
444,20200928120008,CONFOP0,gc current block receive time,0,3621.546,0.0
445,20200928130030,CONFOP0,gc current block receive time,0,3631.056,0.0
446,20200928140101,CONFOP0,gc current block receive time,0,3573.355,0.0
447,20200928150034,CONFOP0,gc current block receive time,0,3572.421,0.0
448,20200928000044,SYS$BACKGROUND,gc current block receive time,0,,
449,20200928010016,SYS$BACKGROUND,gc current block receive time,0,3627.158,0.0
450,20200928020043,SYS$BACKGROUND,gc current block receive time,0,3565.479,0.0
451,20200928030009,SYS$BACKGROUND,gc current block receive time,0,3629.821,0.0
452,20200928040038,SYS$BACKGROUND,gc current block receive time,0,3569.797,0.0
453,20200928050008,SYS$BACKGROUND,gc current block receive time,0,3631.172,0.0
454,20200928060039,SYS$BACKGROUND,gc current block receive time,0,3566.174,0.0
455,20200928070006,SYS$BACKGROUND,gc current block receive time,0,3633.774,0.0
456,20200928080039,SYS$BACKGROUND,gc current block receive time,0,3563.093,0.0
457,20200928090002,SYS$BACKGROUND,gc current block receive time,0,3621.073,0.0
458,20200928100024,SYS$BACKGROUND,gc current block receive time,0,3621.707,0.0
459,20200928110045,SYS$BACKGROUND,gc current block receive time,0,3563.093,0.0
460,20200928120008,SYS$BACKGROUND,gc current block receive time,0,3621.546,0.0
461,20200928130030,SYS$BACKGROUND,gc current block receive time,0,3631.056,0.0
462,20200928140101,SYS$BACKGROUND,gc current block receive time,0,3573.355,0.0
463,20200928150034,SYS$BACKGROUND,gc current block receive time,0,3572.421,0.0
464,20200928000044,SYS$USERS,gc current block receive time,0,,
465,20200928010016,SYS$USERS,gc current block receive time,0,3627.158,0.0
466,20200928020043,SYS$USERS,gc current block receive time,0,3565.479,0.0
467,20200928030009,SYS$USERS,gc current block receive time,0,3629.821,0.0
468,20200928040038,SYS$USERS,gc current block receive time,0,3569.797,0.0
469,20200928050008,SYS$USERS,gc current block receive time,0,3631.172,0.0
470,20200928060039,SYS$USERS,gc current block receive time,0,3566.174,0.0
471,20200928070006,SYS$USERS,gc current block receive time,0,3633.774,0.0
472,20200928080039,SYS$USERS,gc current block receive time,0,3563.093,0.0
473,20200928090002,SYS$USERS,gc current block receive time,0,3621.073,0.0
474,20200928100024,SYS$USERS,gc current block receive time,0,3621.707,0.0
475,20200928110045,SYS$USERS,gc current block receive time,0,3563.093,0.0
476,20200928120008,SYS$USERS,gc current block receive time,0,3621.546,0.0
477,20200928130030,SYS$USERS,gc current block receive time,0,3631.056,0.0
478,20200928140101,SYS$USERS,gc current block receive time,0,3573.355,0.0
479,20200928150034,SYS$USERS,gc current block receive time,0,3572.421,0.0
480,20200928000044,CONFOP0,parse time elapsed,370741406,,
481,20200928010016,CONFOP0,parse time elapsed,371493509,3627.158,207.35
482,20200928020043,CONFOP0,parse time elapsed,372254851,3565.479,213.53
483,20200928030009,CONFOP0,parse time elapsed,372284523,3629.821,8.17
484,20200928040038,CONFOP0,parse time elapsed,372319475,3569.797,9.79
485,20200928050008,CONFOP0,parse time elapsed,372351606,3631.172,8.85
486,20200928060039,CONFOP0,parse time elapsed,372385677,3566.174,9.55
487,20200928070006,CONFOP0,parse time elapsed,373256292,3633.774,239.59
488,20200928080039,CONFOP0,parse time elapsed,373299530,3563.093,12.13
489,20200928090002,CONFOP0,parse time elapsed,373347124,3621.073,13.14
490,20200928100024,CONFOP0,parse time elapsed,373399326,3621.707,14.41
491,20200928110045,CONFOP0,parse time elapsed,374258409,3563.093,241.11
492,20200928120008,CONFOP0,parse time elapsed,374658040,3621.546,110.35
493,20200928130030,CONFOP0,parse time elapsed,374724863,3631.056,18.4
494,20200928140101,CONFOP0,parse time elapsed,374798983,3573.355,20.74
495,20200928150034,CONFOP0,parse time elapsed,374873053,3572.421,20.73
496,20200928000044,SYS$BACKGROUND,parse time elapsed,591353650,,
497,20200928010016,SYS$BACKGROUND,parse time elapsed,591490121,3627.158,37.62
498,20200928020043,SYS$BACKGROUND,parse time elapsed,591676280,3565.479,52.21
499,20200928030009,SYS$BACKGROUND,parse time elapsed,591859513,3629.821,50.48
500,20200928040038,SYS$BACKGROUND,parse time elapsed,591951979,3569.797,25.9
501,20200928050008,SYS$BACKGROUND,parse time elapsed,592211166,3631.172,71.38
502,20200928060039,SYS$BACKGROUND,parse time elapsed,592480634,3566.174,75.56
503,20200928070006,SYS$BACKGROUND,parse time elapsed,592989972,3633.774,140.17
504,20200928080039,SYS$BACKGROUND,parse time elapsed,593401198,3563.093,115.41
505,20200928090002,SYS$BACKGROUND,parse time elapsed,593900684,3621.073,137.94
506,20200928100024,SYS$BACKGROUND,parse time elapsed,594293747,3621.707,108.53
507,20200928110045,SYS$BACKGROUND,parse time elapsed,595356948,3563.093,298.39
508,20200928120008,SYS$BACKGROUND,parse time elapsed,595917656,3621.546,154.83
509,20200928130030,SYS$BACKGROUND,parse time elapsed,596568997,3631.056,179.38
510,20200928140101,SYS$BACKGROUND,parse time elapsed,597278820,3573.355,198.64
511,20200928150034,SYS$BACKGROUND,parse time elapsed,598029802,3572.421,210.22
512,20200928000044,SYS$USERS,parse time elapsed,13467223489,,
513,20200928010016,SYS$USERS,parse time elapsed,13481502544,3627.158,3936.71
514,20200928020043,SYS$USERS,parse time elapsed,13484096764,3565.479,727.59
515,20200928030009,SYS$USERS,parse time elapsed,13485915993,3629.821,501.19
516,20200928040038,SYS$USERS,parse time elapsed,13486330411,3569.797,116.09
517,20200928050008,SYS$USERS,parse time elapsed,13499038230,3631.172,3499.65
518,20200928060039,SYS$USERS,parse time elapsed,13501014777,3566.174,554.25
519,20200928070006,SYS$USERS,parse time elapsed,13520079314,3633.774,5246.48
520,20200928080039,SYS$USERS,parse time elapsed,13528334941,3563.093,2316.98
521,20200928090002,SYS$USERS,parse time elapsed,13531262800,3621.073,808.56
522,20200928100024,SYS$USERS,parse time elapsed,13532193474,3621.707,256.97
523,20200928110045,SYS$USERS,parse time elapsed,13534875525,3563.093,752.73
524,20200928120008,SYS$USERS,parse time elapsed,13536830659,3621.546,539.86
525,20200928130030,SYS$USERS,parse time elapsed,13537532850,3631.056,193.38
526,20200928140101,SYS$USERS,parse time elapsed,13538572150,3573.355,290.85
527,20200928150034,SYS$USERS,parse time elapsed,13539499126,3572.421,259.48
528,20200928000044,CONFOP0,gc cr block receive time,0,,
529,20200928010016,CONFOP0,gc cr block receive time,0,3627.158,0.0
530,20200928020043,CONFOP0,gc cr block receive time,0,3565.479,0.0
531,20200928030009,CONFOP0,gc cr block receive time,0,3629.821,0.0
532,20200928040038,CONFOP0,gc cr block receive time,0,3569.797,0.0
533,20200928050008,CONFOP0,gc cr block receive time,0,3631.172,0.0
534,20200928060039,CONFOP0,gc cr block receive time,0,3566.174,0.0
535,20200928070006,CONFOP0,gc cr block receive time,0,3633.774,0.0
536,20200928080039,CONFOP0,gc cr block receive time,0,3563.093,0.0
537,20200928090002,CONFOP0,gc cr block receive time,0,3621.073,0.0
538,20200928100024,CONFOP0,gc cr block receive time,0,3621.707,0.0
539,20200928110045,CONFOP0,gc cr block receive time,0,3563.093,0.0
540,20200928120008,CONFOP0,gc cr block receive time,0,3621.546,0.0
541,20200928130030,CONFOP0,gc cr block receive time,0,3631.056,0.0
542,20200928140101,CONFOP0,gc cr block receive time,0,3573.355,0.0
543,20200928150034,CONFOP0,gc cr block receive time,0,3572.421,0.0
544,20200928000044,SYS$BACKGROUND,gc cr block receive time,0,,
545,20200928010016,SYS$BACKGROUND,gc cr block receive time,0,3627.158,0.0
546,20200928020043,SYS$BACKGROUND,gc cr block receive time,0,3565.479,0.0
547,20200928030009,SYS$BACKGROUND,gc cr block receive time,0,3629.821,0.0
548,20200928040038,SYS$BACKGROUND,gc cr block receive time,0,3569.797,0.0
549,20200928050008,SYS$BACKGROUND,gc cr block receive time,0,3631.172,0.0
550,20200928060039,SYS$BACKGROUND,gc cr block receive time,0,3566.174,0.0
551,20200928070006,SYS$BACKGROUND,gc cr block receive time,0,3633.774,0.0
552,20200928080039,SYS$BACKGROUND,gc cr block receive time,0,3563.093,0.0
553,20200928090002,SYS$BACKGROUND,gc cr block receive time,0,3621.073,0.0
554,20200928100024,SYS$BACKGROUND,gc cr block receive time,0,3621.707,0.0
555,20200928110045,SYS$BACKGROUND,gc cr block receive time,0,3563.093,0.0
556,20200928120008,SYS$BACKGROUND,gc cr block receive time,0,3621.546,0.0
557,20200928130030,SYS$BACKGROUND,gc cr block receive time,0,3631.056,0.0
558,20200928140101,SYS$BACKGROUND,gc cr block receive time,0,3573.355,0.0
559,20200928150034,SYS$BACKGROUND,gc cr block receive time,0,3572.421,0.0
560,20200928000044,SYS$USERS,gc cr block receive time,0,,
561,20200928010016,SYS$USERS,gc cr block receive time,0,3627.158,0.0
562,20200928020043,SYS$USERS,gc cr block receive time,0,3565.479,0.0
563,20200928030009,SYS$USERS,gc cr block receive time,0,3629.821,0.0
564,20200928040038,SYS$USERS,gc cr block receive time,0,3569.797,0.0
565,20200928050008,SYS$USERS,gc cr block receive time,0,3631.172,0.0
566,20200928060039,SYS$USERS,gc cr block receive time,0,3566.174,0.0
567,20200928070006,SYS$USERS,gc cr block receive time,0,3633.774,0.0
568,20200928080039,SYS$USERS,gc cr block receive time,0,3563.093,0.0
569,20200928090002,SYS$USERS,gc cr block receive time,0,3621.073,0.0
570,20200928100024,SYS$USERS,gc cr block receive time,0,3621.707,0.0
571,20200928110045,SYS$USERS,gc cr block receive time,0,3563.093,0.0
572,20200928120008,SYS$USERS,gc cr block receive time,0,3621.546,0.0
573,20200928130030,SYS$USERS,gc cr block receive time,0,3631.056,0.0
574,20200928140101,SYS$USERS,gc cr block receive time,0,3573.355,0.0
575,20200928150034,SYS$USERS,gc cr block receive time,0,3572.421,0.0
576,20200928000044,CONFOP0,physical reads,51720,,
577,20200928010016,CONFOP0,physical reads,51794,3627.158,0.02
578,20200928020043,CONFOP0,physical reads,51797,3565.479,0.0
579,20200928030009,CONFOP0,physical reads,51799,3629.821,0.0
580,20200928040038,CONFOP0,physical reads,51802,3569.797,0.0
581,20200928050008,CONFOP0,physical reads,51811,3631.172,0.0
582,20200928060039,CONFOP0,physical reads,51814,3566.174,0.0
583,20200928070006,CONFOP0,physical reads,51878,3633.774,0.02
584,20200928080039,CONFOP0,physical reads,51885,3563.093,0.0
585,20200928090002,CONFOP0,physical reads,51888,3621.073,0.0
586,20200928100024,CONFOP0,physical reads,51892,3621.707,0.0
587,20200928110045,CONFOP0,physical reads,52083,3563.093,0.05
588,20200928120008,CONFOP0,physical reads,52087,3621.546,0.0
589,20200928130030,CONFOP0,physical reads,52088,3631.056,0.0
590,20200928140101,CONFOP0,physical reads,52092,3573.355,0.0
591,20200928150034,CONFOP0,physical reads,52095,3572.421,0.0
592,20200928000044,SYS$BACKGROUND,physical reads,21239508,,
593,20200928010016,SYS$BACKGROUND,physical reads,21283557,3627.158,12.14
594,20200928020043,SYS$BACKGROUND,physical reads,21294503,3565.479,3.07
595,20200928030009,SYS$BACKGROUND,physical reads,21297079,3629.821,0.71
596,20200928040038,SYS$BACKGROUND,physical reads,21297762,3569.797,0.19
597,20200928050008,SYS$BACKGROUND,physical reads,21332302,3631.172,9.51
598,20200928060039,SYS$BACKGROUND,physical reads,21346330,3566.174,3.93
599,20200928070006,SYS$BACKGROUND,physical reads,21360178,3633.774,3.81
600,20200928080039,SYS$BACKGROUND,physical reads,21377881,3563.093,4.97
601,20200928090002,SYS$BACKGROUND,physical reads,21392157,3621.073,3.94
602,20200928100024,SYS$BACKGROUND,physical reads,21396084,3621.707,1.08
603,20200928110045,SYS$BACKGROUND,physical reads,21420373,3563.093,6.82
604,20200928120008,SYS$BACKGROUND,physical reads,21432771,3621.546,3.42
605,20200928130030,SYS$BACKGROUND,physical reads,21444324,3631.056,3.18
606,20200928140101,SYS$BACKGROUND,physical reads,21446286,3573.355,0.55
607,20200928150034,SYS$BACKGROUND,physical reads,21447790,3572.421,0.42
608,20200928000044,SYS$USERS,physical reads,44274285,,
609,20200928010016,SYS$USERS,physical reads,44369392,3627.158,26.22
610,20200928020043,SYS$USERS,physical reads,44370256,3565.479,0.24
611,20200928030009,SYS$USERS,physical reads,44371698,3629.821,0.4
612,20200928040038,SYS$USERS,physical reads,44371699,3569.797,0.0
613,20200928050008,SYS$USERS,physical reads,44375060,3631.172,0.93
614,20200928060039,SYS$USERS,physical reads,44391307,3566.174,4.56
615,20200928070006,SYS$USERS,physical reads,44405623,3633.774,3.94
616,20200928080039,SYS$USERS,physical reads,44407635,3563.093,0.56
617,20200928090002,SYS$USERS,physical reads,44409797,3621.073,0.6
618,20200928100024,SYS$USERS,physical reads,44411025,3621.707,0.34
619,20200928110045,SYS$USERS,physical reads,44412997,3563.093,0.55
620,20200928120008,SYS$USERS,physical reads,44427502,3621.546,4.01
621,20200928130030,SYS$USERS,physical reads,44427510,3631.056,0.0
622,20200928140101,SYS$USERS,physical reads,44428857,3573.355,0.38
623,20200928150034,SYS$USERS,physical reads,44429479,3572.421,0.17
624,20200928000044,CONFOP0,cluster wait time,0,,
625,20200928010016,CONFOP0,cluster wait time,0,3627.158,0.0
626,20200928020043,CONFOP0,cluster wait time,0,3565.479,0.0
627,20200928030009,CONFOP0,cluster wait time,0,3629.821,0.0
628,20200928040038,CONFOP0,cluster wait time,0,3569.797,0.0
629,20200928050008,CONFOP0,cluster wait time,0,3631.172,0.0
630,20200928060039,CONFOP0,cluster wait time,0,3566.174,0.0
631,20200928070006,CONFOP0,cluster wait time,0,3633.774,0.0
632,20200928080039,CONFOP0,cluster wait time,0,3563.093,0.0
633,20200928090002,CONFOP0,cluster wait time,0,3621.073,0.0
634,20200928100024,CONFOP0,cluster wait time,0,3621.707,0.0
635,20200928110045,CONFOP0,cluster wait time,0,3563.093,0.0
636,20200928120008,CONFOP0,cluster wait time,0,3621.546,0.0
637,20200928130030,CONFOP0,cluster wait time,0,3631.056,0.0
638,20200928140101,CONFOP0,cluster wait time,0,3573.355,0.0
639,20200928150034,CONFOP0,cluster wait time,0,3572.421,0.0
640,20200928000044,SYS$BACKGROUND,cluster wait time,0,,
641,20200928010016,SYS$BACKGROUND,cluster wait time,0,3627.158,0.0
642,20200928020043,SYS$BACKGROUND,cluster wait time,0,3565.479,0.0
643,20200928030009,SYS$BACKGROUND,cluster wait time,0,3629.821,0.0
644,20200928040038,SYS$BACKGROUND,cluster wait time,0,3569.797,0.0
645,20200928050008,SYS$BACKGROUND,cluster wait time,0,3631.172,0.0
646,20200928060039,SYS$BACKGROUND,cluster wait time,0,3566.174,0.0
647,20200928070006,SYS$BACKGROUND,cluster wait time,0,3633.774,0.0
648,20200928080039,SYS$BACKGROUND,cluster wait time,0,3563.093,0.0
649,20200928090002,SYS$BACKGROUND,cluster wait time,0,3621.073,0.0
650,20200928100024,SYS$BACKGROUND,cluster wait time,0,3621.707,0.0
651,20200928110045,SYS$BACKGROUND,cluster wait time,0,3563.093,0.0
652,20200928120008,SYS$BACKGROUND,cluster wait time,0,3621.546,0.0
653,20200928130030,SYS$BACKGROUND,cluster wait time,0,3631.056,0.0
654,20200928140101,SYS$BACKGROUND,cluster wait time,0,3573.355,0.0
655,20200928150034,SYS$BACKGROUND,cluster wait time,0,3572.421,0.0
656,20200928000044,SYS$USERS,cluster wait time,0,,
657,20200928010016,SYS$USERS,cluster wait time,0,3627.158,0.0
658,20200928020043,SYS$USERS,cluster wait time,0,3565.479,0.0
659,20200928030009,SYS$USERS,cluster wait time,0,3629.821,0.0
660,20200928040038,SYS$USERS,cluster wait time,0,3569.797,0.0
661,20200928050008,SYS$USERS,cluster wait time,0,3631.172,0.0
662,20200928060039,SYS$USERS,cluster wait time,0,3566.174,0.0
663,20200928070006,SYS$USERS,cluster wait time,0,3633.774,0.0
664,20200928080039,SYS$USERS,cluster wait time,0,3563.093,0.0
665,20200928090002,SYS$USERS,cluster wait time,0,3621.073,0.0
666,20200928100024,SYS$USERS,cluster wait time,0,3621.707,0.0
667,20200928110045,SYS$USERS,cluster wait time,0,3563.093,0.0
668,20200928120008,SYS$USERS,cluster wait time,0,3621.546,0.0
669,20200928130030,SYS$USERS,cluster wait time,0,3631.056,0.0
670,20200928140101,SYS$USERS,cluster wait time,0,3573.355,0.0
671,20200928150034,SYS$USERS,cluster wait time,0,3572.421,0.0
672,20200928000044,CONFOP0,execute count,1329872,,
673,20200928010016,CONFOP0,execute count,1331179,3627.158,0.36
674,20200928020043,CONFOP0,execute count,1332305,3565.479,0.32
675,20200928030009,CONFOP0,execute count,1333441,3629.821,0.31
676,20200928040038,CONFOP0,execute count,1334577,3569.797,0.32
677,20200928050008,CONFOP0,execute count,1335717,3631.172,0.31
678,20200928060039,CONFOP0,execute count,1336837,3566.174,0.31
679,20200928070006,CONFOP0,execute count,1338475,3633.774,0.45
680,20200928080039,CONFOP0,execute count,1339611,3563.093,0.32
681,20200928090002,CONFOP0,execute count,1340747,3621.073,0.31
682,20200928100024,CONFOP0,execute count,1341883,3621.707,0.31
683,20200928110045,CONFOP0,execute count,1344115,3563.093,0.63
684,20200928120008,CONFOP0,execute count,1345258,3621.546,0.32
685,20200928130030,CONFOP0,execute count,1346394,3631.056,0.31
686,20200928140101,CONFOP0,execute count,1347530,3573.355,0.32
687,20200928150034,CONFOP0,execute count,1348668,3572.421,0.32
688,20200928000044,SYS$BACKGROUND,execute count,1853494,,
689,20200928010016,SYS$BACKGROUND,execute count,1854904,3627.158,0.39
690,20200928020043,SYS$BACKGROUND,execute count,1856328,3565.479,0.4
691,20200928030009,SYS$BACKGROUND,execute count,1857763,3629.821,0.4
692,20200928040038,SYS$BACKGROUND,execute count,1859017,3569.797,0.35
693,20200928050008,SYS$BACKGROUND,execute count,1860401,3631.172,0.38
694,20200928060039,SYS$BACKGROUND,execute count,1861651,3566.174,0.35
695,20200928070006,SYS$BACKGROUND,execute count,1863428,3633.774,0.49
696,20200928080039,SYS$BACKGROUND,execute count,1864782,3563.093,0.38
697,20200928090002,SYS$BACKGROUND,execute count,1866016,3621.073,0.34
698,20200928100024,SYS$BACKGROUND,execute count,1867359,3621.707,0.37
699,20200928110045,SYS$BACKGROUND,execute count,1869835,3563.093,0.69
700,20200928120008,SYS$BACKGROUND,execute count,1871244,3621.546,0.39
701,20200928130030,SYS$BACKGROUND,execute count,1872621,3631.056,0.38
702,20200928140101,SYS$BACKGROUND,execute count,1873844,3573.355,0.34
703,20200928150034,SYS$BACKGROUND,execute count,1875173,3572.421,0.37
704,20200928000044,SYS$USERS,execute count,93141862,,
705,20200928010016,SYS$USERS,execute count,93241884,3627.158,27.58
706,20200928020043,SYS$USERS,execute count,93266981,3565.479,7.04
707,20200928030009,SYS$USERS,execute count,93292891,3629.821,7.14
708,20200928040038,SYS$USERS,execute count,93314144,3569.797,5.95
709,20200928050008,SYS$USERS,execute count,93350357,3631.172,9.97
710,20200928060039,SYS$USERS,execute count,93375409,3566.174,7.02
711,20200928070006,SYS$USERS,execute count,93401789,3633.774,7.26
712,20200928080039,SYS$USERS,execute count,93436839,3563.093,9.84
713,20200928090002,SYS$USERS,execute count,93469658,3621.073,9.06
714,20200928100024,SYS$USERS,execute count,93501657,3621.707,8.84
715,20200928110045,SYS$USERS,execute count,93531981,3563.093,8.51
716,20200928120008,SYS$USERS,execute count,93564675,3621.546,9.03
717,20200928130030,SYS$USERS,execute count,93585919,3631.056,5.85
718,20200928140101,SYS$USERS,execute count,93617835,3573.355,8.93
719,20200928150034,SYS$USERS,execute count,93647837,3572.421,8.4
720,20200928000044,CONFOP0,logons cumulative,69180,,
721,20200928010016,CONFOP0,logons cumulative,69243,3627.158,0.02
722,20200928020043,CONFOP0,logons cumulative,69304,3565.479,0.02
723,20200928030009,CONFOP0,logons cumulative,69366,3629.821,0.02
724,20200928040038,CONFOP0,logons cumulative,69428,3569.797,0.02
725,20200928050008,CONFOP0,logons cumulative,69490,3631.172,0.02
726,20200928060039,CONFOP0,logons cumulative,69550,3566.174,0.02
727,20200928070006,CONFOP0,logons cumulative,69612,3633.774,0.02
728,20200928080039,CONFOP0,logons cumulative,69674,3563.093,0.02
729,20200928090002,CONFOP0,logons cumulative,69736,3621.073,0.02
730,20200928100024,CONFOP0,logons cumulative,69798,3621.707,0.02
731,20200928110045,CONFOP0,logons cumulative,69860,3563.093,0.02
732,20200928120008,CONFOP0,logons cumulative,69922,3621.546,0.02
733,20200928130030,CONFOP0,logons cumulative,69984,3631.056,0.02
734,20200928140101,CONFOP0,logons cumulative,70046,3573.355,0.02
735,20200928150034,CONFOP0,logons cumulative,70110,3572.421,0.02
736,20200928000044,SYS$BACKGROUND,logons cumulative,1006071,,
737,20200928010016,SYS$BACKGROUND,logons cumulative,1007101,3627.158,0.28
738,20200928020043,SYS$BACKGROUND,logons cumulative,1008075,3565.479,0.27
739,20200928030009,SYS$BACKGROUND,logons cumulative,1009061,3629.821,0.27
740,20200928040038,SYS$BACKGROUND,logons cumulative,1009993,3569.797,0.26
741,20200928050008,SYS$BACKGROUND,logons cumulative,1010962,3631.172,0.27
742,20200928060039,SYS$BACKGROUND,logons cumulative,1011892,3566.174,0.26
743,20200928070006,SYS$BACKGROUND,logons cumulative,1012891,3633.774,0.27
744,20200928080039,SYS$BACKGROUND,logons cumulative,1013856,3563.093,0.27
745,20200928090002,SYS$BACKGROUND,logons cumulative,1014800,3621.073,0.26
746,20200928100024,SYS$BACKGROUND,logons cumulative,1015767,3621.707,0.27
747,20200928110045,SYS$BACKGROUND,logons cumulative,1016693,3563.093,0.26
748,20200928120008,SYS$BACKGROUND,logons cumulative,1017690,3621.546,0.28
749,20200928130030,SYS$BACKGROUND,logons cumulative,1018678,3631.056,0.27
750,20200928140101,SYS$BACKGROUND,logons cumulative,1019606,3573.355,0.26
751,20200928150034,SYS$BACKGROUND,logons cumulative,1020559,3572.421,0.27
752,20200928000044,SYS$USERS,logons cumulative,257345,,
753,20200928010016,SYS$USERS,logons cumulative,257618,3627.158,0.08
754,20200928020043,SYS$USERS,logons cumulative,257841,3565.479,0.06
755,20200928030009,SYS$USERS,logons cumulative,258056,3629.821,0.06
756,20200928040038,SYS$USERS,logons cumulative,258264,3569.797,0.06
757,20200928050008,SYS$USERS,logons cumulative,258512,3631.172,0.07
758,20200928060039,SYS$USERS,logons cumulative,258771,3566.174,0.07
759,20200928070006,SYS$USERS,logons cumulative,259016,3633.774,0.07
760,20200928080039,SYS$USERS,logons cumulative,259279,3563.093,0.07
761,20200928090002,SYS$USERS,logons cumulative,259501,3621.073,0.06
762,20200928100024,SYS$USERS,logons cumulative,259769,3621.707,0.07
763,20200928110045,SYS$USERS,logons cumulative,260006,3563.093,0.07
764,20200928120008,SYS$USERS,logons cumulative,260284,3621.546,0.08
765,20200928130030,SYS$USERS,logons cumulative,260488,3631.056,0.06
766,20200928140101,SYS$USERS,logons cumulative,260757,3573.355,0.08
767,20200928150034,SYS$USERS,logons cumulative,260970,3572.421,0.06
768,20200928000044,CONFOP0,DB CPU,2816270177,,
769,20200928010016,CONFOP0,DB CPU,2818657368,3627.158,658.14
770,20200928020043,CONFOP0,DB CPU,2820929661,3565.479,637.3
771,20200928030009,CONFOP0,DB CPU,2823041296,3629.821,581.75
772,20200928040038,CONFOP0,DB CPU,2825225958,3569.797,611.98
773,20200928050008,CONFOP0,DB CPU,2827401386,3631.172,599.1
774,20200928060039,CONFOP0,DB CPU,2829537121,3566.174,598.89
775,20200928070006,CONFOP0,DB CPU,2832044801,3633.774,690.1
776,20200928080039,CONFOP0,DB CPU,2834462336,3563.093,678.49
777,20200928090002,CONFOP0,DB CPU,2836942111,3621.073,684.82
778,20200928100024,CONFOP0,DB CPU,2839454343,3621.707,693.66
779,20200928110045,CONFOP0,DB CPU,2842132189,3563.093,751.55
780,20200928120008,CONFOP0,DB CPU,2844695430,3621.546,707.78
781,20200928130030,CONFOP0,DB CPU,2847114853,3631.056,666.31
782,20200928140101,CONFOP0,DB CPU,2849518240,3573.355,672.59
783,20200928150034,CONFOP0,DB CPU,2852047737,3572.421,708.06
784,20200928000044,SYS$BACKGROUND,DB CPU,2663785985,,
785,20200928010016,SYS$BACKGROUND,DB CPU,2666045878,3627.158,623.05
786,20200928020043,SYS$BACKGROUND,DB CPU,2668122633,3565.479,582.46
787,20200928030009,SYS$BACKGROUND,DB CPU,2670105492,3629.821,546.27
788,20200928040038,SYS$BACKGROUND,DB CPU,2671874843,3569.797,495.64
789,20200928050008,SYS$BACKGROUND,DB CPU,2673955383,3631.172,572.97
790,20200928060039,SYS$BACKGROUND,DB CPU,2675932523,3566.174,554.41
791,20200928070006,SYS$BACKGROUND,DB CPU,2678367350,3633.774,670.05
792,20200928080039,SYS$BACKGROUND,DB CPU,2680936037,3563.093,720.91
793,20200928090002,SYS$BACKGROUND,DB CPU,2683302017,3621.073,653.39
794,20200928100024,SYS$BACKGROUND,DB CPU,2685895668,3621.707,716.14
795,20200928110045,SYS$BACKGROUND,DB CPU,2688377259,3563.093,696.47
796,20200928120008,SYS$BACKGROUND,DB CPU,2690939795,3621.546,707.58
797,20200928130030,SYS$BACKGROUND,DB CPU,2693346982,3631.056,662.94
798,20200928140101,SYS$BACKGROUND,DB CPU,2695477698,3573.355,596.28
799,20200928150034,SYS$BACKGROUND,DB CPU,2697848504,3572.421,663.64
800,20200928000044,SYS$USERS,DB CPU,22080545134,,
801,20200928010016,SYS$USERS,DB CPU,22108708500,3627.158,7764.58
802,20200928020043,SYS$USERS,DB CPU,22114424412,3565.479,1603.13
803,20200928030009,SYS$USERS,DB CPU,22119323217,3629.821,1349.6
804,20200928040038,SYS$USERS,DB CPU,22123078579,3569.797,1051.98
805,20200928050008,SYS$USERS,DB CPU,22133554881,3631.172,2885.1
806,20200928060039,SYS$USERS,DB CPU,22140063932,3566.174,1825.22
807,20200928070006,SYS$USERS,DB CPU,22156932793,3633.774,4642.24
808,20200928080039,SYS$USERS,DB CPU,22167084864,3563.093,2849.23
809,20200928090002,SYS$USERS,DB CPU,22174037868,3621.073,1920.15
810,20200928100024,SYS$USERS,DB CPU,22182269409,3621.707,2272.83
811,20200928110045,SYS$USERS,DB CPU,22188948277,3563.093,1874.46
812,20200928120008,SYS$USERS,DB CPU,22198365027,3621.546,2600.2
813,20200928130030,SYS$USERS,DB CPU,22201870443,3631.056,965.4
814,20200928140101,SYS$USERS,DB CPU,22209887227,3573.355,2243.49
815,20200928150034,SYS$USERS,DB CPU,22214852070,3572.421,1389.77
816,20200928000044,CONFOP0,sql execute elapsed time,902003149,,
817,20200928010016,CONFOP0,sql execute elapsed time,902772908,3627.158,212.22
818,20200928020043,CONFOP0,sql execute elapsed time,903490918,3565.479,201.38
819,20200928030009,CONFOP0,sql execute elapsed time,904635463,3629.821,315.32
820,20200928040038,CONFOP0,sql execute elapsed time,905438229,3569.797,224.88
821,20200928050008,CONFOP0,sql execute elapsed time,906295468,3631.172,236.08
822,20200928060039,CONFOP0,sql execute elapsed time,906991170,3566.174,195.08
823,20200928070006,CONFOP0,sql execute elapsed time,907762579,3633.774,212.29
824,20200928080039,CONFOP0,sql execute elapsed time,908376248,3563.093,172.23
825,20200928090002,CONFOP0,sql execute elapsed time,909051774,3621.073,186.55
826,20200928100024,CONFOP0,sql execute elapsed time,909731806,3621.707,187.77
827,20200928110045,CONFOP0,sql execute elapsed time,910726380,3563.093,279.13
828,20200928120008,CONFOP0,sql execute elapsed time,911406050,3621.546,187.67
829,20200928130030,CONFOP0,sql execute elapsed time,912200688,3631.056,218.84
830,20200928140101,CONFOP0,sql execute elapsed time,913083844,3573.355,247.15
831,20200928150034,CONFOP0,sql execute elapsed time,913940213,3572.421,239.72
832,20200928000044,SYS$BACKGROUND,sql execute elapsed time,1504822581,,
833,20200928010016,SYS$BACKGROUND,sql execute elapsed time,1505845801,3627.158,282.1
834,20200928020043,SYS$BACKGROUND,sql execute elapsed time,1506352771,3565.479,142.19
835,20200928030009,SYS$BACKGROUND,sql execute elapsed time,1506859542,3629.821,139.61
836,20200928040038,SYS$BACKGROUND,sql execute elapsed time,1507253676,3569.797,110.41
837,20200928050008,SYS$BACKGROUND,sql execute elapsed time,1507735255,3631.172,132.62
838,20200928060039,SYS$BACKGROUND,sql execute elapsed time,1508208447,3566.174,132.69
839,20200928070006,SYS$BACKGROUND,sql execute elapsed time,1509407654,3633.774,330.02
840,20200928080039,SYS$BACKGROUND,sql execute elapsed time,1510236802,3563.093,232.7
841,20200928090002,SYS$BACKGROUND,sql execute elapsed time,1510964983,3621.073,201.1
842,20200928100024,SYS$BACKGROUND,sql execute elapsed time,1511745323,3621.707,215.46
843,20200928110045,SYS$BACKGROUND,sql execute elapsed time,1514430372,3563.093,753.57
844,20200928120008,SYS$BACKGROUND,sql execute elapsed time,1515235405,3621.546,222.29
845,20200928130030,SYS$BACKGROUND,sql execute elapsed time,1516273085,3631.056,285.78
846,20200928140101,SYS$BACKGROUND,sql execute elapsed time,1517193979,3573.355,257.71
847,20200928150034,SYS$BACKGROUND,sql execute elapsed time,1518258835,3572.421,298.08
848,20200928000044,SYS$USERS,sql execute elapsed time,63746867566,,
849,20200928010016,SYS$USERS,sql execute elapsed time,63823840241,3627.158,21221.21
850,20200928020043,SYS$USERS,sql execute elapsed time,63835731321,3565.479,3335.06
851,20200928030009,SYS$USERS,sql execute elapsed time,63843806572,3629.821,2224.7
852,20200928040038,SYS$USERS,sql execute elapsed time,63849740192,3569.797,1662.17
853,20200928050008,SYS$USERS,sql execute elapsed time,63873059608,3631.172,6422.01
854,20200928060039,SYS$USERS,sql execute elapsed time,63889683171,3566.174,4661.46
855,20200928070006,SYS$USERS,sql execute elapsed time,63907430001,3633.774,4883.86
856,20200928080039,SYS$USERS,sql execute elapsed time,63931209805,3563.093,6673.92
857,20200928090002,SYS$USERS,sql execute elapsed time,63945543324,3621.073,3958.36
858,20200928100024,SYS$USERS,sql execute elapsed time,63962394014,3621.707,4652.69
859,20200928110045,SYS$USERS,sql execute elapsed time,63975718776,3563.093,3739.66
860,20200928120008,SYS$USERS,sql execute elapsed time,64001277428,3621.546,7057.39
861,20200928130030,SYS$USERS,sql execute elapsed time,64008489969,3631.056,1986.35
862,20200928140101,SYS$USERS,sql execute elapsed time,64032280563,3573.355,6657.78
863,20200928150034,SYS$USERS,sql execute elapsed time,64045686054,3572.421,3752.49
864,20200928000044,CONFOP0,gc cr blocks received,0,,
865,20200928010016,CONFOP0,gc cr blocks received,0,3627.158,0.0
866,20200928020043,CONFOP0,gc cr blocks received,0,3565.479,0.0
867,20200928030009,CONFOP0,gc cr blocks received,0,3629.821,0.0
868,20200928040038,CONFOP0,gc cr blocks received,0,3569.797,0.0
869,20200928050008,CONFOP0,gc cr blocks received,0,3631.172,0.0
870,20200928060039,CONFOP0,gc cr blocks received,0,3566.174,0.0
871,20200928070006,CONFOP0,gc cr blocks received,0,3633.774,0.0
872,20200928080039,CONFOP0,gc cr blocks received,0,3563.093,0.0
873,20200928090002,CONFOP0,gc cr blocks received,0,3621.073,0.0
874,20200928100024,CONFOP0,gc cr blocks received,0,3621.707,0.0
875,20200928110045,CONFOP0,gc cr blocks received,0,3563.093,0.0
876,20200928120008,CONFOP0,gc cr blocks received,0,3621.546,0.0
877,20200928130030,CONFOP0,gc cr blocks received,0,3631.056,0.0
878,20200928140101,CONFOP0,gc cr blocks received,0,3573.355,0.0
879,20200928150034,CONFOP0,gc cr blocks received,0,3572.421,0.0
880,20200928000044,SYS$BACKGROUND,gc cr blocks received,0,,
881,20200928010016,SYS$BACKGROUND,gc cr blocks received,0,3627.158,0.0
882,20200928020043,SYS$BACKGROUND,gc cr blocks received,0,3565.479,0.0
883,20200928030009,SYS$BACKGROUND,gc cr blocks received,0,3629.821,0.0
884,20200928040038,SYS$BACKGROUND,gc cr blocks received,0,3569.797,0.0
885,20200928050008,SYS$BACKGROUND,gc cr blocks received,0,3631.172,0.0
886,20200928060039,SYS$BACKGROUND,gc cr blocks received,0,3566.174,0.0
887,20200928070006,SYS$BACKGROUND,gc cr blocks received,0,3633.774,0.0
888,20200928080039,SYS$BACKGROUND,gc cr blocks received,0,3563.093,0.0
889,20200928090002,SYS$BACKGROUND,gc cr blocks received,0,3621.073,0.0
890,20200928100024,SYS$BACKGROUND,gc cr blocks received,0,3621.707,0.0
891,20200928110045,SYS$BACKGROUND,gc cr blocks received,0,3563.093,0.0
892,20200928120008,SYS$BACKGROUND,gc cr blocks received,0,3621.546,0.0
893,20200928130030,SYS$BACKGROUND,gc cr blocks received,0,3631.056,0.0
894,20200928140101,SYS$BACKGROUND,gc cr blocks received,0,3573.355,0.0
895,20200928150034,SYS$BACKGROUND,gc cr blocks received,0,3572.421,0.0
896,20200928000044,SYS$USERS,gc cr blocks received,0,,
897,20200928010016,SYS$USERS,gc cr blocks received,0,3627.158,0.0
898,20200928020043,SYS$USERS,gc cr blocks received,0,3565.479,0.0
899,20200928030009,SYS$USERS,gc cr blocks received,0,3629.821,0.0
900,20200928040038,SYS$USERS,gc cr blocks received,0,3569.797,0.0
901,20200928050008,SYS$USERS,gc cr blocks received,0,3631.172,0.0
902,20200928060039,SYS$USERS,gc cr blocks received,0,3566.174,0.0
903,20200928070006,SYS$USERS,gc cr blocks received,0,3633.774,0.0
904,20200928080039,SYS$USERS,gc cr blocks received,0,3563.093,0.0
905,20200928090002,SYS$USERS,gc cr blocks received,0,3621.073,0.0
906,20200928100024,SYS$USERS,gc cr blocks received,0,3621.707,0.0
907,20200928110045,SYS$USERS,gc cr blocks received,0,3563.093,0.0
908,20200928120008,SYS$USERS,gc cr blocks received,0,3621.546,0.0
909,20200928130030,SYS$USERS,gc cr blocks received,0,3631.056,0.0
910,20200928140101,SYS$USERS,gc cr blocks received,0,3573.355,0.0
911,20200928150034,SYS$USERS,gc cr blocks received,0,3572.421,0.0
912,20200928000044,CONFOP0,user calls,493828,,
913,20200928010016,CONFOP0,user calls,494306,3627.158,0.13
914,20200928020043,CONFOP0,user calls,494764,3565.479,0.13
915,20200928030009,CONFOP0,user calls,495232,3629.821,0.13
916,20200928040038,CONFOP0,user calls,495700,3569.797,0.13
917,20200928050008,CONFOP0,user calls,496168,3631.172,0.13
918,20200928060039,CONFOP0,user calls,496624,3566.174,0.13
919,20200928070006,CONFOP0,user calls,497092,3633.774,0.13
920,20200928080039,CONFOP0,user calls,497560,3563.093,0.13
921,20200928090002,CONFOP0,user calls,498028,3621.073,0.13
922,20200928100024,CONFOP0,user calls,498496,3621.707,0.13
923,20200928110045,CONFOP0,user calls,498964,3563.093,0.13
924,20200928120008,CONFOP0,user calls,499432,3621.546,0.13
925,20200928130030,CONFOP0,user calls,499900,3631.056,0.13
926,20200928140101,CONFOP0,user calls,500368,3573.355,0.13
927,20200928150034,CONFOP0,user calls,500842,3572.421,0.13
928,20200928000044,SYS$BACKGROUND,user calls,2928101,,
929,20200928010016,SYS$BACKGROUND,user calls,2931085,3627.158,0.82
930,20200928020043,SYS$BACKGROUND,user calls,2933941,3565.479,0.8
931,20200928030009,SYS$BACKGROUND,user calls,2936821,3629.821,0.79
932,20200928040038,SYS$BACKGROUND,user calls,2939501,3569.797,0.75
933,20200928050008,SYS$BACKGROUND,user calls,2942301,3631.172,0.77
934,20200928060039,SYS$BACKGROUND,user calls,2944973,3566.174,0.75
935,20200928070006,SYS$BACKGROUND,user calls,2947917,3633.774,0.81
936,20200928080039,SYS$BACKGROUND,user calls,2950741,3563.093,0.79
937,20200928090002,SYS$BACKGROUND,user calls,2953453,3621.073,0.75
938,20200928100024,SYS$BACKGROUND,user calls,2956268,3621.707,0.78
939,20200928110045,SYS$BACKGROUND,user calls,2958939,3563.093,0.75
940,20200928120008,SYS$BACKGROUND,user calls,2961882,3621.546,0.81
941,20200928130030,SYS$BACKGROUND,user calls,2964761,3631.056,0.79
942,20200928140101,SYS$BACKGROUND,user calls,2967448,3573.355,0.75
943,20200928150034,SYS$BACKGROUND,user calls,2970223,3572.421,0.78
944,20200928000044,SYS$USERS,user calls,10811051,,
945,20200928010016,SYS$USERS,user calls,10814882,3627.158,1.06
946,20200928020043,SYS$USERS,user calls,10818569,3565.479,1.03
947,20200928030009,SYS$USERS,user calls,10822301,3629.821,1.03
948,20200928040038,SYS$USERS,user calls,10825985,3569.797,1.03
949,20200928050008,SYS$USERS,user calls,10830670,3631.172,1.29
950,20200928060039,SYS$USERS,user calls,10835337,3566.174,1.31
951,20200928070006,SYS$USERS,user calls,10841042,3633.774,1.57
952,20200928080039,SYS$USERS,user calls,10846623,3563.093,1.57
953,20200928090002,SYS$USERS,user calls,10850402,3621.073,1.04
954,20200928100024,SYS$USERS,user calls,10855905,3621.707,1.52
955,20200928110045,SYS$USERS,user calls,10860137,3563.093,1.19
956,20200928120008,SYS$USERS,user calls,10865638,3621.546,1.52
957,20200928130030,SYS$USERS,user calls,10869345,3631.056,1.02
958,20200928140101,SYS$USERS,user calls,10874809,3573.355,1.53
959,20200928150034,SYS$USERS,user calls,10878545,3572.421,1.05
960,20200928000044,CONFOP0,session logical reads,3104969,,
961,20200928010016,CONFOP0,session logical reads,3107916,3627.158,0.81
962,20200928020043,CONFOP0,session logical reads,3110358,3565.479,0.68
963,20200928030009,CONFOP0,session logical reads,3112794,3629.821,0.67
964,20200928040038,CONFOP0,session logical reads,3115232,3569.797,0.68
965,20200928050008,CONFOP0,session logical reads,3117681,3631.172,0.67
966,20200928060039,CONFOP0,session logical reads,3120087,3566.174,0.67
967,20200928070006,CONFOP0,session logical reads,3124228,3633.774,1.14
968,20200928080039,CONFOP0,session logical reads,3126668,3563.093,0.68
969,20200928090002,CONFOP0,session logical reads,3129106,3621.073,0.67
970,20200928100024,CONFOP0,session logical reads,3131543,3621.707,0.67
971,20200928110045,CONFOP0,session logical reads,3137582,3563.093,1.69
972,20200928120008,CONFOP0,session logical reads,3140050,3621.546,0.68
973,20200928130030,CONFOP0,session logical reads,3142484,3631.056,0.67
974,20200928140101,CONFOP0,session logical reads,3144922,3573.355,0.68
975,20200928150034,CONFOP0,session logical reads,3147362,3572.421,0.68
976,20200928000044,SYS$BACKGROUND,session logical reads,2744084223,,
977,20200928010016,SYS$BACKGROUND,session logical reads,2746946883,3627.158,789.23
978,20200928020043,SYS$BACKGROUND,session logical reads,2749777025,3565.479,793.76
979,20200928030009,SYS$BACKGROUND,session logical reads,2752519251,3629.821,755.47
980,20200928040038,SYS$BACKGROUND,session logical reads,2755269864,3569.797,770.52
981,20200928050008,SYS$BACKGROUND,session logical reads,2758522092,3631.172,895.64
982,20200928060039,SYS$BACKGROUND,session logical reads,2761306441,3566.174,780.77
983,20200928070006,SYS$BACKGROUND,session logical reads,2764118690,3633.774,773.92
984,20200928080039,SYS$BACKGROUND,session logical reads,2766869173,3563.093,771.94
985,20200928090002,SYS$BACKGROUND,session logical reads,2769623979,3621.073,760.77
986,20200928100024,SYS$BACKGROUND,session logical reads,2772408567,3621.707,768.86
987,20200928110045,SYS$BACKGROUND,session logical reads,2775232045,3563.093,792.42
988,20200928120008,SYS$BACKGROUND,session logical reads,2777998803,3621.546,763.97
989,20200928130030,SYS$BACKGROUND,session logical reads,2780739760,3631.056,754.86
990,20200928140101,SYS$BACKGROUND,session logical reads,2783475471,3573.355,765.59
991,20200928150034,SYS$BACKGROUND,session logical reads,2786199604,3572.421,762.55
992,20200928000044,SYS$USERS,session logical reads,2528374500,,
993,20200928010016,SYS$USERS,session logical reads,2534164826,3627.158,1596.38
994,20200928020043,SYS$USERS,session logical reads,2534332378,3565.479,46.99
995,20200928030009,SYS$USERS,session logical reads,2534400430,3629.821,18.75
996,20200928040038,SYS$USERS,session logical reads,2534442824,3569.797,11.88
997,20200928050008,SYS$USERS,session logical reads,2534592791,3631.172,41.3
998,20200928060039,SYS$USERS,session logical reads,2534973335,3566.174,106.71
999,20200928070006,SYS$USERS,session logical reads,2535406048,3633.774,119.08
1000,20200928080039,SYS$USERS,session logical reads,2535540609,3563.093,37.77
1001,20200928090002,SYS$USERS,session logical reads,2535672460,3621.073,36.41
1002,20200928100024,SYS$USERS,session logical reads,2535791348,3621.707,32.83
1003,20200928110045,SYS$USERS,session logical reads,2535909068,3563.093,33.04
1004,20200928120008,SYS$USERS,session logical reads,2536191145,3621.546,77.89
1005,20200928130030,SYS$USERS,session logical reads,2536234548,3631.056,11.95
1006,20200928140101,SYS$USERS,session logical reads,2536353574,3573.355,33.31
1007,20200928150034,SYS$USERS,session logical reads,2536463340,3572.421,30.73
1008,20200928000044,CONFOP0,workarea executions - optimal,127178,,
1009,20200928010016,CONFOP0,workarea executions - optimal,127298,3627.158,0.03
1010,20200928020043,CONFOP0,workarea executions - optimal,127394,3565.479,0.03
1011,20200928030009,CONFOP0,workarea executions - optimal,127490,3629.821,0.03
1012,20200928040038,CONFOP0,workarea executions - optimal,127586,3569.797,0.03
1013,20200928050008,CONFOP0,workarea executions - optimal,127682,3631.172,0.03
1014,20200928060039,CONFOP0,workarea executions - optimal,127777,3566.174,0.03
1015,20200928070006,CONFOP0,workarea executions - optimal,127968,3633.774,0.05
1016,20200928080039,CONFOP0,workarea executions - optimal,128064,3563.093,0.03
1017,20200928090002,CONFOP0,workarea executions - optimal,128160,3621.073,0.03
1018,20200928100024,CONFOP0,workarea executions - optimal,128256,3621.707,0.03
1019,20200928110045,CONFOP0,workarea executions - optimal,128515,3563.093,0.07
1020,20200928120008,CONFOP0,workarea executions - optimal,128611,3621.546,0.03
1021,20200928130030,CONFOP0,workarea executions - optimal,128707,3631.056,0.03
1022,20200928140101,CONFOP0,workarea executions - optimal,128803,3573.355,0.03
1023,20200928150034,CONFOP0,workarea executions - optimal,128899,3572.421,0.03
1024,20200928000044,SYS$BACKGROUND,workarea executions - optimal,3548055,,
1025,20200928010016,SYS$BACKGROUND,workarea executions - optimal,3552113,3627.158,1.12
1026,20200928020043,SYS$BACKGROUND,workarea executions - optimal,3554659,3565.479,0.71
1027,20200928030009,SYS$BACKGROUND,workarea executions - optimal,3556596,3629.821,0.53
1028,20200928040038,SYS$BACKGROUND,workarea executions - optimal,3558701,3569.797,0.59
1029,20200928050008,SYS$BACKGROUND,workarea executions - optimal,3561817,3631.172,0.86
1030,20200928060039,SYS$BACKGROUND,workarea executions - optimal,3564660,3566.174,0.8
1031,20200928070006,SYS$BACKGROUND,workarea executions - optimal,3567579,3633.774,0.8
1032,20200928080039,SYS$BACKGROUND,workarea executions - optimal,3570248,3563.093,0.75
1033,20200928090002,SYS$BACKGROUND,workarea executions - optimal,3572338,3621.073,0.58
1034,20200928100024,SYS$BACKGROUND,workarea executions - optimal,3575078,3621.707,0.76
1035,20200928110045,SYS$BACKGROUND,workarea executions - optimal,3577767,3563.093,0.75
1036,20200928120008,SYS$BACKGROUND,workarea executions - optimal,3580854,3621.546,0.85
1037,20200928130030,SYS$BACKGROUND,workarea executions - optimal,3582691,3631.056,0.51
1038,20200928140101,SYS$BACKGROUND,workarea executions - optimal,3585325,3573.355,0.74
1039,20200928150034,SYS$BACKGROUND,workarea executions - optimal,3587258,3572.421,0.54
1040,20200928000044,SYS$USERS,workarea executions - optimal,4019764,,
1041,20200928010016,SYS$USERS,workarea executions - optimal,4025346,3627.158,1.54
1042,20200928020043,SYS$USERS,workarea executions - optimal,4027016,3565.479,0.47
1043,20200928030009,SYS$USERS,workarea executions - optimal,4029084,3629.821,0.57
1044,20200928040038,SYS$USERS,workarea executions - optimal,4030327,3569.797,0.35
1045,20200928050008,SYS$USERS,workarea executions - optimal,4033469,3631.172,0.87
1046,20200928060039,SYS$USERS,workarea executions - optimal,4035318,3566.174,0.52
1047,20200928070006,SYS$USERS,workarea executions - optimal,4037538,3633.774,0.61
1048,20200928080039,SYS$USERS,workarea executions - optimal,4040462,3563.093,0.82
1049,20200928090002,SYS$USERS,workarea executions - optimal,4043086,3621.073,0.72
1050,20200928100024,SYS$USERS,workarea executions - optimal,4045530,3621.707,0.67
1051,20200928110045,SYS$USERS,workarea executions - optimal,4047645,3563.093,0.59
1052,20200928120008,SYS$USERS,workarea executions - optimal,4050203,3621.546,0.71
1053,20200928130030,SYS$USERS,workarea executions - optimal,4051577,3631.056,0.38
1054,20200928140101,SYS$USERS,workarea executions - optimal,4054016,3573.355,0.68
1055,20200928150034,SYS$USERS,workarea executions - optimal,4055719,3572.421,0.48
1056,20200928000044,CONFOP0,user I/O wait time,44979012,,
1057,20200928010016,CONFOP0,user I/O wait time,45044380,3627.158,18.02
1058,20200928020043,CONFOP0,user I/O wait time,45060342,3565.479,4.48
1059,20200928030009,CONFOP0,user I/O wait time,45072171,3629.821,3.26
1060,20200928040038,CONFOP0,user I/O wait time,45081059,3569.797,2.49
1061,20200928050008,CONFOP0,user I/O wait time,45139181,3631.172,16.01
1062,20200928060039,CONFOP0,user I/O wait time,45144632,3566.174,1.53
1063,20200928070006,CONFOP0,user I/O wait time,45186692,3633.774,11.57
1064,20200928080039,CONFOP0,user I/O wait time,45194829,3563.093,2.28
1065,20200928090002,CONFOP0,user I/O wait time,45201625,3621.073,1.88
1066,20200928100024,CONFOP0,user I/O wait time,45209963,3621.707,2.3
1067,20200928110045,CONFOP0,user I/O wait time,45330093,3563.093,33.72
1068,20200928120008,CONFOP0,user I/O wait time,45338175,3621.546,2.23
1069,20200928130030,CONFOP0,user I/O wait time,45344452,3631.056,1.73
1070,20200928140101,CONFOP0,user I/O wait time,45354249,3573.355,2.74
1071,20200928150034,CONFOP0,user I/O wait time,45366643,3572.421,3.47
1072,20200928000044,SYS$BACKGROUND,user I/O wait time,6399921010,,
1073,20200928010016,SYS$BACKGROUND,user I/O wait time,6410162660,3627.158,2823.6
1074,20200928020043,SYS$BACKGROUND,user I/O wait time,6412194033,3565.479,569.73
1075,20200928030009,SYS$BACKGROUND,user I/O wait time,6413556698,3629.821,375.41
1076,20200928040038,SYS$BACKGROUND,user I/O wait time,6414253008,3569.797,195.06
1077,20200928050008,SYS$BACKGROUND,user I/O wait time,6424566102,3631.172,2840.16
1078,20200928060039,SYS$BACKGROUND,user I/O wait time,6429940610,3566.174,1507.08
1079,20200928070006,SYS$BACKGROUND,user I/O wait time,6434177106,3633.774,1165.87
1080,20200928080039,SYS$BACKGROUND,user I/O wait time,6437841563,3563.093,1028.45
1081,20200928090002,SYS$BACKGROUND,user I/O wait time,6440470423,3621.073,725.99
1082,20200928100024,SYS$BACKGROUND,user I/O wait time,6442880568,3621.707,665.47
1083,20200928110045,SYS$BACKGROUND,user I/O wait time,6449567111,3563.093,1876.61
1084,20200928120008,SYS$BACKGROUND,user I/O wait time,6453667469,3621.546,1132.21
1085,20200928130030,SYS$BACKGROUND,user I/O wait time,6456760036,3631.056,851.7
1086,20200928140101,SYS$BACKGROUND,user I/O wait time,6458065177,3573.355,365.24
1087,20200928150034,SYS$BACKGROUND,user I/O wait time,6458856724,3572.421,221.57
1088,20200928000044,SYS$USERS,user I/O wait time,10611754328,,
1089,20200928010016,SYS$USERS,user I/O wait time,10626120809,3627.158,3960.81
1090,20200928020043,SYS$USERS,user I/O wait time,10628361138,3565.479,628.34
1091,20200928030009,SYS$USERS,user I/O wait time,10629331198,3629.821,267.25
1092,20200928040038,SYS$USERS,user I/O wait time,10629548484,3569.797,60.87
1093,20200928050008,SYS$USERS,user I/O wait time,10631864887,3631.172,637.92
1094,20200928060039,SYS$USERS,user I/O wait time,10640517664,3566.174,2426.35
1095,20200928070006,SYS$USERS,user I/O wait time,10647296860,3633.774,1865.61
1096,20200928080039,SYS$USERS,user I/O wait time,10648317233,3563.093,286.37
1097,20200928090002,SYS$USERS,user I/O wait time,10649331247,3621.073,280.03
1098,20200928100024,SYS$USERS,user I/O wait time,10650078426,3621.707,206.31
1099,20200928110045,SYS$USERS,user I/O wait time,10651174225,3563.093,307.54
1100,20200928120008,SYS$USERS,user I/O wait time,10658803058,3621.546,2106.51
1101,20200928130030,SYS$USERS,user I/O wait time,10658993551,3631.056,52.46
1102,20200928140101,SYS$USERS,user I/O wait time,10659886669,3573.355,249.94
1103,20200928150034,SYS$USERS,user I/O wait time,10660150213,3572.421,73.77
1104,20200928000044,CONFOP0,DB time,3821683283,,
1105,20200928010016,CONFOP0,DB time,3824791077,3627.158,856.81
1106,20200928020043,CONFOP0,DB time,3827741341,3565.479,827.45
1107,20200928030009,CONFOP0,DB time,3830193408,3629.821,675.53
1108,20200928040038,CONFOP0,DB time,3832715354,3569.797,706.47
1109,20200928050008,CONFOP0,DB time,3835553092,3631.172,781.49
1110,20200928060039,CONFOP0,DB time,3837913232,3566.174,661.81
1111,20200928070006,CONFOP0,DB time,3841149047,3633.774,890.48
1112,20200928080039,CONFOP0,DB time,3843342760,3563.093,615.68
1113,20200928090002,CONFOP0,DB time,3845361686,3621.073,557.55
1114,20200928100024,CONFOP0,DB time,3847408758,3621.707,565.22
1115,20200928110045,CONFOP0,DB time,3850410259,3563.093,842.39
1116,20200928120008,CONFOP0,DB time,3852816501,3621.546,664.42
1117,20200928130030,CONFOP0,DB time,3855400659,3631.056,711.68
1118,20200928140101,CONFOP0,DB time,3858317676,3573.355,816.32
1119,20200928150034,CONFOP0,DB time,3861151041,3572.421,793.12
1120,20200928000044,SYS$BACKGROUND,DB time,6493702595,,
1121,20200928010016,SYS$BACKGROUND,DB time,6498260477,3627.158,1256.6
1122,20200928020043,SYS$BACKGROUND,DB time,6502682791,3565.479,1240.31
1123,20200928030009,SYS$BACKGROUND,DB time,6506582722,3629.821,1074.41
1124,20200928040038,SYS$BACKGROUND,DB time,6510449139,3569.797,1083.09
1125,20200928050008,SYS$BACKGROUND,DB time,6514169002,3631.172,1024.42
1126,20200928060039,SYS$BACKGROUND,DB time,6518147392,3566.174,1115.59
1127,20200928070006,SYS$BACKGROUND,DB time,6524347355,3633.774,1706.2
1128,20200928080039,SYS$BACKGROUND,DB time,6529755781,3563.093,1517.9
1129,20200928090002,SYS$BACKGROUND,DB time,6534255728,3621.073,1242.71
1130,20200928100024,SYS$BACKGROUND,DB time,6538929833,3621.707,1290.58
1131,20200928110045,SYS$BACKGROUND,DB time,6545997457,3563.093,1983.56
1132,20200928120008,SYS$BACKGROUND,DB time,6551088697,3621.546,1405.82
1133,20200928130030,SYS$BACKGROUND,DB time,6557862391,3631.056,1865.49
1134,20200928140101,SYS$BACKGROUND,DB time,6564692875,3573.355,1911.5
1135,20200928150034,SYS$BACKGROUND,DB time,6571685528,3572.421,1957.4
1136,20200928000044,SYS$USERS,DB time,97335160316,,
1137,20200928010016,SYS$USERS,DB time,97448614122,3627.158,31278.98
1138,20200928020043,SYS$USERS,DB time,97464029852,3565.479,4323.61
1139,20200928030009,SYS$USERS,DB time,97474534222,3629.821,2893.91
1140,20200928040038,SYS$USERS,DB time,97483203560,3569.797,2428.52
1141,20200928050008,SYS$USERS,DB time,97515172808,3631.172,8804.11
1142,20200928060039,SYS$USERS,DB time,97537779884,3566.174,6339.31
1143,20200928070006,SYS$USERS,DB time,97577248024,3633.774,10861.47
1144,20200928080039,SYS$USERS,DB time,97606693007,3563.093,8263.88
1145,20200928090002,SYS$USERS,DB time,97633505321,3621.073,7404.52
1146,20200928100024,SYS$USERS,DB time,97655770419,3621.707,6147.68
1147,20200928110045,SYS$USERS,DB time,97674510401,3563.093,5259.47
1148,20200928120008,SYS$USERS,DB time,97706704727,3621.546,8889.66
1149,20200928130030,SYS$USERS,DB time,97716892967,3631.056,2805.86
1150,20200928140101,SYS$USERS,DB time,97746501866,3573.355,8286.02
1151,20200928150034,SYS$USERS,DB time,97764176178,3572.421,4947.43
1152,20200928000044,CONFOP0,user rollbacks,7,,
1153,20200928010016,CONFOP0,user rollbacks,7,3627.158,0.0
1154,20200928020043,CONFOP0,user rollbacks,7,3565.479,0.0
1155,20200928030009,CONFOP0,user rollbacks,7,3629.821,0.0
1156,20200928040038,CONFOP0,user rollbacks,7,3569.797,0.0
1157,20200928050008,CONFOP0,user rollbacks,7,3631.172,0.0
1158,20200928060039,CONFOP0,user rollbacks,7,3566.174,0.0
1159,20200928070006,CONFOP0,user rollbacks,7,3633.774,0.0
1160,20200928080039,CONFOP0,user rollbacks,7,3563.093,0.0
1161,20200928090002,CONFOP0,user rollbacks,7,3621.073,0.0
1162,20200928100024,CONFOP0,user rollbacks,7,3621.707,0.0
1163,20200928110045,CONFOP0,user rollbacks,7,3563.093,0.0
1164,20200928120008,CONFOP0,user rollbacks,7,3621.546,0.0
1165,20200928130030,CONFOP0,user rollbacks,7,3631.056,0.0
1166,20200928140101,CONFOP0,user rollbacks,7,3573.355,0.0
1167,20200928150034,CONFOP0,user rollbacks,7,3572.421,0.0
1168,20200928000044,SYS$BACKGROUND,user rollbacks,30111,,
1169,20200928010016,SYS$BACKGROUND,user rollbacks,30135,3627.158,0.01
1170,20200928020043,SYS$BACKGROUND,user rollbacks,30159,3565.479,0.01
1171,20200928030009,SYS$BACKGROUND,user rollbacks,30184,3629.821,0.01
1172,20200928040038,SYS$BACKGROUND,user rollbacks,30209,3569.797,0.01
1173,20200928050008,SYS$BACKGROUND,user rollbacks,30234,3631.172,0.01
1174,20200928060039,SYS$BACKGROUND,user rollbacks,30269,3566.174,0.01
1175,20200928070006,SYS$BACKGROUND,user rollbacks,30298,3633.774,0.01
1176,20200928080039,SYS$BACKGROUND,user rollbacks,30335,3563.093,0.01
1177,20200928090002,SYS$BACKGROUND,user rollbacks,30361,3621.073,0.01
1178,20200928100024,SYS$BACKGROUND,user rollbacks,30398,3621.707,0.01
1179,20200928110045,SYS$BACKGROUND,user rollbacks,30424,3563.093,0.01
1180,20200928120008,SYS$BACKGROUND,user rollbacks,30460,3621.546,0.01
1181,20200928130030,SYS$BACKGROUND,user rollbacks,30483,3631.056,0.01
1182,20200928140101,SYS$BACKGROUND,user rollbacks,30515,3573.355,0.01
1183,20200928150034,SYS$BACKGROUND,user rollbacks,30541,3572.421,0.01
1184,20200928000044,SYS$USERS,user rollbacks,610,,
1185,20200928010016,SYS$USERS,user rollbacks,611,3627.158,0.0
1186,20200928020043,SYS$USERS,user rollbacks,611,3565.479,0.0
1187,20200928030009,SYS$USERS,user rollbacks,611,3629.821,0.0
1188,20200928040038,SYS$USERS,user rollbacks,611,3569.797,0.0
1189,20200928050008,SYS$USERS,user rollbacks,612,3631.172,0.0
1190,20200928060039,SYS$USERS,user rollbacks,612,3566.174,0.0
1191,20200928070006,SYS$USERS,user rollbacks,612,3633.774,0.0
1192,20200928080039,SYS$USERS,user rollbacks,613,3563.093,0.0
1193,20200928090002,SYS$USERS,user rollbacks,614,3621.073,0.0
1194,20200928100024,SYS$USERS,user rollbacks,615,3621.707,0.0
1195,20200928110045,SYS$USERS,user rollbacks,616,3563.093,0.0
1196,20200928120008,SYS$USERS,user rollbacks,617,3621.546,0.0
1197,20200928130030,SYS$USERS,user rollbacks,617,3631.056,0.0
1198,20200928140101,SYS$USERS,user rollbacks,618,3573.355,0.0
1199,20200928150034,SYS$USERS,user rollbacks,619,3572.421,0.0
1200,20200928000044,CONFOP0,session cursor cache hits,809961,,
1201,20200928010016,CONFOP0,session cursor cache hits,810756,3627.158,0.22
1202,20200928020043,CONFOP0,session cursor cache hits,811422,3565.479,0.19
1203,20200928030009,CONFOP0,session cursor cache hits,812094,3629.821,0.19
1204,20200928040038,CONFOP0,session cursor cache hits,812766,3569.797,0.19
1205,20200928050008,CONFOP0,session cursor cache hits,813439,3631.172,0.19
1206,20200928060039,CONFOP0,session cursor cache hits,814107,3566.174,0.19
1207,20200928070006,CONFOP0,session cursor cache hits,815094,3633.774,0.27
1208,20200928080039,CONFOP0,session cursor cache hits,815766,3563.093,0.19
1209,20200928090002,CONFOP0,session cursor cache hits,816438,3621.073,0.19
1210,20200928100024,CONFOP0,session cursor cache hits,817110,3621.707,0.19
1211,20200928110045,CONFOP0,session cursor cache hits,818711,3563.093,0.45
1212,20200928120008,CONFOP0,session cursor cache hits,819389,3621.546,0.19
1213,20200928130030,CONFOP0,session cursor cache hits,820061,3631.056,0.19
1214,20200928140101,CONFOP0,session cursor cache hits,820733,3573.355,0.19
1215,20200928150034,CONFOP0,session cursor cache hits,821405,3572.421,0.19
1216,20200928000044,SYS$BACKGROUND,session cursor cache hits,99124166,,
1217,20200928010016,SYS$BACKGROUND,session cursor cache hits,99270088,3627.158,40.23
1218,20200928020043,SYS$BACKGROUND,session cursor cache hits,99408669,3565.479,38.87
1219,20200928030009,SYS$BACKGROUND,session cursor cache hits,99546119,3629.821,37.87
1220,20200928040038,SYS$BACKGROUND,session cursor cache hits,99682370,3569.797,38.17
1221,20200928050008,SYS$BACKGROUND,session cursor cache hits,99825610,3631.172,39.45
1222,20200928060039,SYS$BACKGROUND,session cursor cache hits,99962000,3566.174,38.25
1223,20200928070006,SYS$BACKGROUND,session cursor cache hits,100104302,3633.774,39.16
1224,20200928080039,SYS$BACKGROUND,session cursor cache hits,100239214,3563.093,37.86
1225,20200928090002,SYS$BACKGROUND,session cursor cache hits,100378624,3621.073,38.5
1226,20200928100024,SYS$BACKGROUND,session cursor cache hits,100520747,3621.707,39.24
1227,20200928110045,SYS$BACKGROUND,session cursor cache hits,100660473,3563.093,39.21
1228,20200928120008,SYS$BACKGROUND,session cursor cache hits,100802769,3621.546,39.29
1229,20200928130030,SYS$BACKGROUND,session cursor cache hits,100942836,3631.056,38.57
1230,20200928140101,SYS$BACKGROUND,session cursor cache hits,101078589,3573.355,37.99
1231,20200928150034,SYS$BACKGROUND,session cursor cache hits,101214594,3572.421,38.07
1232,20200928000044,SYS$USERS,session cursor cache hits,129796040,,
1233,20200928010016,SYS$USERS,session cursor cache hits,129964172,3627.158,46.35
1234,20200928020043,SYS$USERS,session cursor cache hits,129989203,3565.479,7.02
1235,20200928030009,SYS$USERS,session cursor cache hits,130018602,3629.821,8.1
1236,20200928040038,SYS$USERS,session cursor cache hits,130039144,3569.797,5.75
1237,20200928050008,SYS$USERS,session cursor cache hits,130073307,3631.172,9.41
1238,20200928060039,SYS$USERS,session cursor cache hits,130097300,3566.174,6.73
1239,20200928070006,SYS$USERS,session cursor cache hits,130122090,3633.774,6.82
1240,20200928080039,SYS$USERS,session cursor cache hits,130155247,3563.093,9.31
1241,20200928090002,SYS$USERS,session cursor cache hits,130192243,3621.073,10.22
1242,20200928100024,SYS$USERS,session cursor cache hits,130222799,3621.707,8.44
1243,20200928110045,SYS$USERS,session cursor cache hits,130253030,3563.093,8.48
1244,20200928120008,SYS$USERS,session cursor cache hits,130284019,3621.546,8.56
1245,20200928130030,SYS$USERS,session cursor cache hits,130304568,3631.056,5.66
1246,20200928140101,SYS$USERS,session cursor cache hits,130335032,3573.355,8.53
1247,20200928150034,SYS$USERS,session cursor cache hits,130364020,3572.421,8.11
1248,20200928000044,CONFOP0,workarea executions - multipass,0,,
1249,20200928010016,CONFOP0,workarea executions - multipass,0,3627.158,0.0
1250,20200928020043,CONFOP0,workarea executions - multipass,0,3565.479,0.0
1251,20200928030009,CONFOP0,workarea executions - multipass,0,3629.821,0.0
1252,20200928040038,CONFOP0,workarea executions - multipass,0,3569.797,0.0
1253,20200928050008,CONFOP0,workarea executions - multipass,0,3631.172,0.0
1254,20200928060039,CONFOP0,workarea executions - multipass,0,3566.174,0.0
1255,20200928070006,CONFOP0,workarea executions - multipass,0,3633.774,0.0
1256,20200928080039,CONFOP0,workarea executions - multipass,0,3563.093,0.0
1257,20200928090002,CONFOP0,workarea executions - multipass,0,3621.073,0.0
1258,20200928100024,CONFOP0,workarea executions - multipass,0,3621.707,0.0
1259,20200928110045,CONFOP0,workarea executions - multipass,0,3563.093,0.0
1260,20200928120008,CONFOP0,workarea executions - multipass,0,3621.546,0.0
1261,20200928130030,CONFOP0,workarea executions - multipass,0,3631.056,0.0
1262,20200928140101,CONFOP0,workarea executions - multipass,0,3573.355,0.0
1263,20200928150034,CONFOP0,workarea executions - multipass,0,3572.421,0.0
1264,20200928000044,SYS$BACKGROUND,workarea executions - multipass,0,,
1265,20200928010016,SYS$BACKGROUND,workarea executions - multipass,0,3627.158,0.0
1266,20200928020043,SYS$BACKGROUND,workarea executions - multipass,0,3565.479,0.0
1267,20200928030009,SYS$BACKGROUND,workarea executions - multipass,0,3629.821,0.0
1268,20200928040038,SYS$BACKGROUND,workarea executions - multipass,0,3569.797,0.0
1269,20200928050008,SYS$BACKGROUND,workarea executions - multipass,0,3631.172,0.0
1270,20200928060039,SYS$BACKGROUND,workarea executions - multipass,0,3566.174,0.0
1271,20200928070006,SYS$BACKGROUND,workarea executions - multipass,0,3633.774,0.0
1272,20200928080039,SYS$BACKGROUND,workarea executions - multipass,0,3563.093,0.0
1273,20200928090002,SYS$BACKGROUND,workarea executions - multipass,0,3621.073,0.0
1274,20200928100024,SYS$BACKGROUND,workarea executions - multipass,0,3621.707,0.0
1275,20200928110045,SYS$BACKGROUND,workarea executions - multipass,0,3563.093,0.0
1276,20200928120008,SYS$BACKGROUND,workarea executions - multipass,0,3621.546,0.0
1277,20200928130030,SYS$BACKGROUND,workarea executions - multipass,0,3631.056,0.0
1278,20200928140101,SYS$BACKGROUND,workarea executions - multipass,0,3573.355,0.0
1279,20200928150034,SYS$BACKGROUND,workarea executions - multipass,0,3572.421,0.0
1280,20200928000044,SYS$USERS,workarea executions - multipass,0,,
1281,20200928010016,SYS$USERS,workarea executions - multipass,0,3627.158,0.0
1282,20200928020043,SYS$USERS,workarea executions - multipass,0,3565.479,0.0
1283,20200928030009,SYS$USERS,workarea executions - multipass,0,3629.821,0.0
1284,20200928040038,SYS$USERS,workarea executions - multipass,0,3569.797,0.0
1285,20200928050008,SYS$USERS,workarea executions - multipass,0,3631.172,0.0
1286,20200928060039,SYS$USERS,workarea executions - multipass,0,3566.174,0.0
1287,20200928070006,SYS$USERS,workarea executions - multipass,0,3633.774,0.0
1288,20200928080039,SYS$USERS,workarea executions - multipass,0,3563.093,0.0
1289,20200928090002,SYS$USERS,workarea executions - multipass,0,3621.073,0.0
1290,20200928100024,SYS$USERS,workarea executions - multipass,0,3621.707,0.0
1291,20200928110045,SYS$USERS,workarea executions - multipass,0,3563.093,0.0
1292,20200928120008,SYS$USERS,workarea executions - multipass,0,3621.546,0.0
1293,20200928130030,SYS$USERS,workarea executions - multipass,0,3631.056,0.0
1294,20200928140101,SYS$USERS,workarea executions - multipass,0,3573.355,0.0
1295,20200928150034,SYS$USERS,workarea executions - multipass,0,3572.421,0.0
1296,20200928000044,CONFOP0,concurrency wait time,85521,,
1297,20200928010016,CONFOP0,concurrency wait time,85521,3627.158,0.0
1298,20200928020043,CONFOP0,concurrency wait time,85521,3565.479,0.0
1299,20200928030009,CONFOP0,concurrency wait time,85521,3629.821,0.0
1300,20200928040038,CONFOP0,concurrency wait time,85521,3569.797,0.0
1301,20200928050008,CONFOP0,concurrency wait time,85521,3631.172,0.0
1302,20200928060039,CONFOP0,concurrency wait time,85521,3566.174,0.0
1303,20200928070006,CONFOP0,concurrency wait time,85521,3633.774,0.0
1304,20200928080039,CONFOP0,concurrency wait time,85521,3563.093,0.0
1305,20200928090002,CONFOP0,concurrency wait time,85521,3621.073,0.0
1306,20200928100024,CONFOP0,concurrency wait time,85521,3621.707,0.0
1307,20200928110045,CONFOP0,concurrency wait time,85521,3563.093,0.0
1308,20200928120008,CONFOP0,concurrency wait time,85521,3621.546,0.0
1309,20200928130030,CONFOP0,concurrency wait time,85521,3631.056,0.0
1310,20200928140101,CONFOP0,concurrency wait time,85521,3573.355,0.0
1311,20200928150034,CONFOP0,concurrency wait time,85521,3572.421,0.0
1312,20200928000044,SYS$BACKGROUND,concurrency wait time,717546330,,
1313,20200928010016,SYS$BACKGROUND,concurrency wait time,717762471,3627.158,59.59
1314,20200928020043,SYS$BACKGROUND,concurrency wait time,717955501,3565.479,54.14
1315,20200928030009,SYS$BACKGROUND,concurrency wait time,718167571,3629.821,58.42
1316,20200928040038,SYS$BACKGROUND,concurrency wait time,718176947,3569.797,2.63
1317,20200928050008,SYS$BACKGROUND,concurrency wait time,718432621,3631.172,70.41
1318,20200928060039,SYS$BACKGROUND,concurrency wait time,718760780,3566.174,92.02
1319,20200928070006,SYS$BACKGROUND,concurrency wait time,719303029,3633.774,149.22
1320,20200928080039,SYS$BACKGROUND,concurrency wait time,719727222,3563.093,119.05
1321,20200928090002,SYS$BACKGROUND,concurrency wait time,720264050,3621.073,148.25
1322,20200928100024,SYS$BACKGROUND,concurrency wait time,720664619,3621.707,110.6
1323,20200928110045,SYS$BACKGROUND,concurrency wait time,722563430,3563.093,532.91
1324,20200928120008,SYS$BACKGROUND,concurrency wait time,723167764,3621.546,166.87
1325,20200928130030,SYS$BACKGROUND,concurrency wait time,723952925,3631.056,216.23
1326,20200928140101,SYS$BACKGROUND,concurrency wait time,724771025,3573.355,228.94
1327,20200928150034,SYS$BACKGROUND,concurrency wait time,725644751,3572.421,244.58
1328,20200928000044,SYS$USERS,concurrency wait time,1143364988,,
1329,20200928010016,SYS$USERS,concurrency wait time,1145606595,3627.158,618.01
1330,20200928020043,SYS$USERS,concurrency wait time,1145807304,3565.479,56.29
1331,20200928030009,SYS$USERS,concurrency wait time,1146055736,3629.821,68.44
1332,20200928040038,SYS$USERS,concurrency wait time,1146308394,3569.797,70.78
1333,20200928050008,SYS$USERS,concurrency wait time,1149419879,3631.172,856.88
1334,20200928060039,SYS$USERS,concurrency wait time,1149586281,3566.174,46.66
1335,20200928070006,SYS$USERS,concurrency wait time,1149829242,3633.774,66.86
1336,20200928080039,SYS$USERS,concurrency wait time,1150101727,3563.093,76.47
1337,20200928090002,SYS$USERS,concurrency wait time,1150456294,3621.073,97.92
1338,20200928100024,SYS$USERS,concurrency wait time,1150944151,3621.707,134.7
1339,20200928110045,SYS$USERS,concurrency wait time,1151216738,3563.093,76.5
1340,20200928120008,SYS$USERS,concurrency wait time,1151679619,3621.546,127.81
1341,20200928130030,SYS$USERS,concurrency wait time,1152165972,3631.056,133.94
1342,20200928140101,SYS$USERS,concurrency wait time,1152614371,3573.355,125.48
1343,20200928150034,SYS$USERS,concurrency wait time,1153039569,3572.421,119.02
